Verb,,abbiegen,ich biege ab / ich bog ab / ich bin abgebogen,skrenuti/zakrenuti,/
Verb,,abdecken ,,pokriti / obuhvatiti / uključivati,/
Substantiv,der,Abend,<-s; -e>,večer,/
Substantiv,das,Abendessen,<-s; Essen>,večera,
,,abends,,navečer,/
Verb,,abfahren,,otputovati/odvesti/krenuti/otići,
Substantiv,die,Abfahrt,<Abfahrt; -en>,odlazak,/
Verb,,abfeuern ,,okinuti / opaliti,
Substantiv,der,Abflug,<-(e)s; Abflüge>,polijetanje,/
Substantiv,der,Abflugtag,<-(e)s; -e>,dan polijetanja,/
Verb,,abfragen,ich frage ab / ich fragte ab / ich habe abgefragt,propitati,
Verb,,abholen,,doći po nekoga / pokupiti nekoga,/
Substantiv,das,Abitur,<-s>,matura,/
Substantiv,der,Abiturient,<-en; -en>,maturant,/
Substantiv,der,Ablauf,<-(e)s; Abläufe>,istek / hod / tok / tijek,/
Verb,,ablaufen,es läuft ab / es lief ab / es ist abgelaufen,odvijati se,/
Verb,,abmelden,,odjaviti,/
Substantiv,die,Abmeldung,<Abmeldung; -en>,odjava,/
Verb,,abnehmen,ich nehme ab / ich nahm ab / ich habe abgenommen,izvaditi(krv)/obrijati/uštedjeti/dignuti/oduzeti/skinuti/kupiti,/
Verb,,abschließen,,završiti / zaključati / svršiti / okončati,/
Verb,,abschrauben,ich schraube ab / ich schraubte ab / ich habe abgeschraubt,odvrnuti/odšarafiti,/
Substantiv,die,Absicht,,namjera,/
Verb,,abstellen,ich stelle ab / ich stellte ab / ich habe abgestellt,ugasiti/odložiti/ostaviti/ukloniti/,/
Verb,,abstimmen,,glasati / glasovati / uskladiti / koordinirati,/
Substantiv,das,Abteil,<-(e)s; -e>,kupe/odjeljak,/
Substantiv,die,Abteilung,<Abteilung; -en>,odjel / odsjek / sekcija / odred,/
Adverb,,abwärts,,nadolje/naniže/nizbrdo,/
Substantiv,der,Abwasch,<-(e)s>,prljavo posuđe/pranje suđa,/
Substantiv,der,Adamsapfel,<-s; ->,Adamova jabučica,/
Substantiv,die,Adaptierung,<Adaptierung; Adaptierungen>,adaptacija / prilagodba,
Substantiv,die,Ader,<Ader; -n>,žila,/
Substantiv,das,Adjektiv,-s -e,pridjev,/
Substantiv,der,Adler,<-s; Adler>,orao,/
Substantiv,das,Adrenalin,<Adrenalins; kein pl>,adrenalin,/
Substantiv,die,Adresse,<Adresse; -n>,adresa/naslov,/
Substantiv,der,Affe,<-n; -n>,majmun,/
Substantiv,die,Agentur,<Agentur; -en>,agencija/agentura/zastupništvo,/
Adjektiv,,ähnlich,,sličan,/
Substantiv,die,Aktivität,<Aktivität; -en>,aktivnost,/
Substantiv,der,Akzent,<-(e)s; -e>,naglasak,/
Verb,,akzeptieren,,prihvatiti,/
Substantiv,der,Albtraum,,noćna mora,/
Pronomen,,alle,,svi,/
,,allein,,sam,/
Substantiv,das,Alleinsein,<-s>,usamljenost,/
,,allerdings,,svakako / i onako,/
Pronomen,,alles,,sve,/
,,allgemein,,opći/općenit,/
Substantiv,der,Alltag,<-(e)s>,svakodnevica,/
,,also,,dakle,/
Adjektiv,,alt,,star,/
Substantiv,der,Altar,<-(e)s; Altäre>,oltar,/
Substantiv,das,Alter,<-s; ->,starost,/
Substantiv,die,Ameise,Ameise -n,mrav,/
Substantiv,die,Ampel,<Ampel; -n>,semafor,/
Präposition,,an,Dativ,na,/
Verb,,anbieten,ich biete an / ich bot an / ich habe angeboten,ponuditi/nuditi,/
,,andere,,drugi,/
,,andererseits ,,s druge strane / u drugu ruku,
Verb,,ändern,ich ändere / ich änderte / ich habe geändert,promijeniti,/
,,anderswo,,negdje drugdje,/
Substantiv,der,Anfang,<-(e)s; Anfänge>,početak,/
Verb,,anfangen,ich fange an / ich fing an / ich habe angefangen,započeti/početi/načeti,/
Substantiv,der,Anfänger,<-s; Anfänger>,početnik,/
Substantiv,die,Anfängerin,<Anfängerin; -innen>,početnica,/
Substantiv,die,Anforderung,<Anforderung; -en>,zahtjev,/
Substantiv,die,Anfrage,<Anfrage; -n>,upit,/
Substantiv,das,Angebot,<-(e)s; -e>,ponuda,/
,,angebracht ,,prikladan / uputan,/
Substantiv,die,Angelegenheit,<Angelegenheit; -en>,posao / materija / stvar,/
Adjektiv,,angenehm,,prijatan/ugodan,
Substantiv,die,Angestellte,<-n; -n>,službenica / namještenica,/
Substantiv,die,Angst,<Angst; Ängste>,strah/bojazan,/
Substantiv,der,Anhänger,<-s; Anhänger>,prikolica/privjesak/visuljak/pristalica/sljedbenik,/
Verb,,ankommen,ich komme an / ich kam an / ich bin angekommen,doći/pristići,
Substantiv,die,Ankunft,<Ankunft>,dolazak/prispjeće,/
Substantiv,die,Anlegestelle,<Anlegestelle; -n>,pristanište,
Substantiv,die,Anleitung,<Anleitung; -en>,uputa,
Verb,,anmelden,,prijaviti,/
Substantiv,die,Anmeldung,<Anmeldung; -en>,prijava,/
Verb,,annehmen,ich nehme an / ich nahm an / ich habe angenommen,prihvatiti/primiti/zaprimiti/usvojiti,/
Verb,,anprobieren,,isprobati,/
Substantiv,der,Anrainer,<Anrainer / pl>,susjedi,/
Substantiv,die,Anrechnung,<Anrechnung; kein pl>,priznavanje,/
Verb,,anrücken,ich rücke an / ich rückte an / ich bin angerückt,trzati,/
Substantiv,der,Anruf,<-(e)s; -e>,poziv,/
Verb,,anrufen ,,nazvati / pozvati / prizvati,/
Verb,,anschauen,,pogledati,/
Verb,,anschreiben,,obratiti se pisanim putem,/
Substantiv,das,Anschreiben,,popratno pismo,/
Substantiv,die,Anschrift,<Anschrift; -en>,adresa/naslov,/
Verb,,anschwellen,ich schwelle an / ich schwoll an / ich bin angeschwollen,bubriti/rasti/nadimati se,/
Verb,,ansehen,,pogledati,/
Substantiv,die,Ansichtskarte,<Ansichtskarte; -n>,razglednica,/
Verb,,anspannen,ich spanne an / ich spannte an / ich habe angespannt,napeti,/
Adjektiv,,anstrengend,,naporan,/
Substantiv,die,Antenne,<-; -n>,antena,/
Substantiv,das,Antibiotikum,-s -ka,antibiotik,/
Substantiv,der,Antrag,<-(e)s; Anträge>,zahtjev/prijedlog,/
Substantiv,die,Antwort,<Antwort; -en>,odgovor,/
Verb,,antworten,ich antworte / ich antwortete / ich habe geantwortet,odgovoriti,/
Substantiv,der,Anwalt,<-(e)s; Anwälte>,odvjetnik,/
Substantiv,die,Anwendung,<Anwendung; -en>,primjena / tretman,/
Substantiv,die,Anzeige,<Anzeige; -n>,oglas/reklama,/
Substantiv,der,Anzug,<-(e)s; Anzüge>,odijelo,/
Verb,,anzünden,ich zünde an / ich zündete an / ich habe angezündet,upaliti/zapaliti/pripaliti/kresnuti,/
Substantiv,der,Apfel,<-s; Äpfel>,jabuka,/
Substantiv,die,Apotheke,<Apotheke; -n>,ljekarna,/
,der,Apparat,<-(e)s; -e>,aparat / sprava / telefon,/
Substantiv,das,Appartement,<-s; -s>,apartman,/
Substantiv,die,Aprikose,<Aprikose; -n>,marelica,/
Substantiv,der,April,<-(s); -e>,travanj,/
Substantiv,die,Arbeit,<Arbeit; -en>,posao,/
Verb,,arbeiten,ich arbeite / ich arbeitete / ich habe gearbeitet,raditi,/
Substantiv,der,Arbeiter,<-s; Arbeiter>,radnik,/
Substantiv,der,Arbeitgeber,<-s; Arbeitgeber>,poslodavac,/
Substantiv,die,Arbeitgeberin,<Arbeitgeberin; -innen>,poslodavka,/
Substantiv,das,Arbeitsamt,<-(e)s; Arbeitsämter>,burza rada / zavod za zapošljavanje,/
,,arbeitslos,,nezaposlen,/
Substantiv,das,Arbeitslosengeld,<-(e)s; -er>,naknada za nezaposlene,/
,,arbeitssuchend,,otvoren za posao,/
Substantiv,der,Arbeitstag,<-(e)s; -e>,radni dan,
Substantiv,der,Arbeitstisch,<-(e)s; -e>,radni stol,/
Substantiv,die,Arbeitszeit,<Arbeitszeit; -en>,radno vrijeme,/
Substantiv,das,Arbeitszeugnis,<-ses; -se>,radna knjižica / radna svjedodžba,/
Substantiv,der,Arm,<-(e)s; -e>,ruka/rukavac,/
Adjektiv,,arm,,siromašan,/
Substantiv,das,Armaturenbrett,<-s; -er>,instrument tabla,/
Substantiv,das,Armband,<-(e)s; Armbänder>,narukvica,/
Substantiv,der,Ärmel,<-s; Ärmel>,rukav,/
Substantiv,die,Art,<Art; -en>,način/vrsta,/
Substantiv,der,Arzt,<-es; Ärzte>,liječnik,/
Substantiv,der,Arzthelfer,<-s; Arzthelfer>,liječnički pomoćnik,/
Substantiv,die,Arzthelferin,<Arzthelferin; -innen>,liječnička pomoćnica,/
Substantiv,die,Arztin,<Ärztin; -nen>,liječnica,/
Substantiv,der,Assistent,<-en; -en>,asistent / pomoćnik,/
Substantiv,die,Assistentin,<Assistentin; -innen>,asistentica / pomoćnica,/
Substantiv,der,Ast,<-(e)s; Äste>,grana,/
Substantiv,der,Ast,<-(e)s; Äste>,grana,/
Substantiv,das,Atem,<-s>,dah,/
Substantiv,der,Atem,<-s>,dah,/
Verb,,atmen,ich atme / ich atmete / ich habe geatmet,disati,/
,,auch,,također,/
Präposition,,auf,Dativ,na,/
,,auf dem Laufenden sein ,,biti u toku,/
Substantiv,der,Aufbau,<-(e)s; -ten>,nadogradnja / izgradnja / ustrojstvo / uspostava / montaža,/
Substantiv,das,Aufblitzen,-,bljesak,/
Verb,,aufblitzen,ich blitze auf / ich blitzte auf / ich bin aufgeblitzt,bljeskati,/
Verb,,aufbrechen,ich breche auf / ich brach auf / ich bin aufgebrochen,poći/puknuti/razbiti/obiti,/
Verb,,aufdrehen,ich drehe auf / ich drehte auf / ich habe aufgedreht,odvrnuti/upaliti/pojačati,/
Substantiv,der,Aufenthalt,<-(e)s; -e>,boravak/zadržavanje,/
Substantiv,die,Aufenthaltserlaubnis,<Aufenthaltserlaubnis; -(se)>,boravišna dozvola,/
Substantiv,die,Aufgabe,<Aufgabe; -n>,zadatak / zadaća / napuštanje / predaja,/
Substantiv,das,Aufgabengebiet,<-(e)s; -e>,područje odgovornosti / opseg dužnosti,/
Verb,,aufgeben,,predati se / odustati,/
Adjektiv,,aufgeregt,,uzbuđen,/
Verb,,aufhebeln,ich heble auf / ich hebelte auf / ich habe aufgehebelt,otvoriti polugom,/
Verb,,aufhören,ich höre auf / ich hörte auf / ich habe aufgehört,prestati/stati/minuti,/
Verb,,aufkeuchen,ich keuche auf / ich keuchte auf / ich habe aufgekeucht,zajecati,/
Verb,,aufklaren,ich klare auf / ich klarte auf / ich bin aufgeklart,bistriti (se)/vedriti (se),/
Verb,,aufladen,,napuniti/natovariti,/
Adjektiv,,aufmerksam,,pažljiv,/
Substantiv,die,Aufmerksamkeit,<Aufmerksamkeit; -en>,pažnja/pozornost,/
Verb,,aufnehmen,ich nehme auf / ich nahm auf / ich habe aufgenommen,uključiti/uvrstiti/upisati/zaprimiti/snimiti,/
Verb,,aufpassen,`,brinuti o nekome / paziti,/
Verb,,aufräumen,ich räume auf / ich räumte auf / ich habe aufgeräumt,pospremiti/raspremiti/srediti,/
Verb,,aufrechterhalten ,,održati / održavati,/
Substantiv,die,Aufregung,<Aufregung; -en>,uzbuđenje,/
Verb,,aufreißen,ich reiße auf / ich riss auf / ich habe aufgerissen,razderati/rasparati/rastrgnuti/otvoriti/načeti/razjapiti/izbečiti,/
Verb,,aufschluchzen,ich schluchze auf / ich schluchzte auf / ich habe aufgeschluchzt,zajecati/naglo zaplakati,/
Verb,,aufschreiben,ich schreibe auf / ich schrieb auf / ich habe aufgeschrieben,zapisati/napisati,/
Verb,,aufstehen,ich stehe auf / ich stand auf / ich bin aufgestanden,ustati,/
Verb,,auftauchen,ich tauche auf / ich tauchte auf / ich bin aufgetaucht,izroniti/promoliti se/pojaviti se,/
Substantiv,der,Auftrag,<-(e)s; Aufträge>,nalog/narudžba,/
Verb,,aufwachen,,probuditi,/
Verb,,aufziehen,ich ziehe auf / ich zog auf / ich habe aufgezogen,spremati se /naviti/nategnuti/odgojiti/zafrkavati/razvezati/ izvući,/
Substantiv,das,Auge,<-s; -n>,oko,/
Substantiv,der,Augenblick,<-(e)s; -e>,treptaj oka /trenutak,/
Substantiv,die,Augenbraue,<Augenbraue; -n>,obrva,/
Substantiv,die,Augenhöhe,<Höhe; -n>,visina očiju,/
Substantiv,der,August,<-(e)s; August; -e>,kolovoz,/
Präposition,,aus,Dativ,iz,/
Substantiv,die,Ausbildung,<Ausbildung; -en>,usavršavanje / trening / izobrazba / škola / obrazovanje,/
Substantiv,die,Ausfahrt,<Ausfahrt; -en>,izlaz (vozački),/
Substantiv,der,Ausflug,<-(e)s; Ausflüge>,izlet,/
Adjektiv,,ausführlich,,iscrpan/podroban,/
Substantiv,die,Ausführung,<Ausführung; -en>,izvedba / izvođenje,/
Substantiv,der,Ausgang,<-(e)s; Ausgänge>,izlaz(pješački)/ishod/svršetak ,/
Verb,,ausgeben,,potrošiti,/
Verb,,ausgeliehen,,posuditi,/
,,ausgerechnet,,baš / upravo od svih,/
Adjektiv,,ausgeruht,,odmoran,/
Adjektiv,,ausgezeichnet ,,izvrstan / odličan,/
Substantiv,der,Ausgleich,<-(e)s; -e>,izravnanje / poravanje / izjednačenje / kompenzacija,/
Substantiv,die,Auskunft,<Auskunft; Auskünfte>,informacija/obavještenje/izvještaj,/
Substantiv,das,Ausland,<-(e)s>,inozemstvo,/
Substantiv,der,Ausländer,<-s; Ausländer>,stranac,/
Substantiv,die,Auslanderin,<Ausländerin; -innen>,strankinja,/
,,ausmachen,,ugasiti/iznositi/dogovoriti,/
Substantiv,das,Ausmaß,<-es; -e>,razmjer / mjera,/
Substantiv,die,Ausnahme,<Ausnahme; -n>,izuzetak/iznimka/izuzetak,/
Substantiv,der,Ausnahmezustand,<-(e)s; Ausnahmezustände>,izvanredno stanje,/
Substantiv,der,Auspuff,<-(e)s; -e>,auspuh,/
,,ausreichend ,,dovoljan / dostatan,/
,,aussagekräftig,,smisleno / suvislo / ekspresivno / izražajno,/
Adverb,,ausschließlich,,isključivo,/
Substantiv,die,Ausschreibung,<Ausschreibung; -en>,oglas / raspisivanje,/
Verb,,aussehen,,izgledati,/
,,außerdem ,,osim toga / uz to / dodatno,/
Präposition,,außerhalb,Genitiv,izvan,/
Substantiv,die,Aussicht,<Aussicht; -en>,izgled/pogled/vidik,/
Verb,,ausspucken,ich spucke aus / ich spuckte aus / ich habe ausgespuckt,ispljunuti,/
Substantiv,die,Ausstattung,<Ausstattung; -en>,oprema,/
Substantiv,der,Austausch,<-(e)s>,izmjena / razmjena,/
Substantiv,die,Auster,<Auster; -n>,kamenica/ostriga,/
Substantiv,der,Auswahl,<Auswahl>,izbor/odabir/selekcija,/
Verb,,auswählen ,,izabrati / odabrati,/
Substantiv,der,Ausweg,,izlaz (pješački),/
Verb,,ausweichen,ich weiche aus / ich wich aus / ich bin ausgewichen,izbjeći,/
Substantiv,der,Ausweis,<-es; -e>,iskaznica/legitimacija,/
Substantiv,die,Auszahlung,<Auszahlung; -en>,isplata,/
Substantiv,die,Auszahlungsanordnung, <Auszahlungsanordnung; -en>,nalog za isplatu,/
Verb,,ausziehen,,skinuti,/
Substantiv,das,Auto,<-s; -s>,automobil,/
Substantiv,die,Autobahn,<Autobahn; -en>,autocesta,/
Substantiv,die,Autofähre,<Autofähre; -n>,automobilski trajekt/skela,/
Substantiv,die,Automatisierung,<Automatisierung; kein pl>,automatizacija,/
Substantiv,der,Bach,<-(e)s; Bäche>,potok,/
Substantiv,das,Bachbett,<-(e)s; -en>,korito potoka,/
Verb,,backen,,peći,/
Substantiv,der,Bäcker,<-s; Bäcker>,pekar,/
Substantiv,die,Bäckerei,<Bäckerei; -en>,pekara,/
Substantiv,die,Bäckerin,<Bäckerin; -innen>,pekarica,/
Substantiv,das,Bad,<-(e)s; Bäder>,kupaonica/kupka/kupanje/toplice,/
Substantiv,der,Badeanzug,<-(e)s; Badeanzüge>,kupaći kostim,/
Substantiv,die,Badehose,<Badehose; -n>,kupaće gaće,/
Verb,,baden ,,kupati se,/
Substantiv,das,Badetuch,<-(e)s; Badetücher>,ručnik za kupanje,/
Substantiv,die,Badewanne,<Badewanne; -n>,kada,/
Substantiv,der,Bahnhof,<-(e)s; Bahnhöfe>,željeznička stanica/kolodvor,/
Substantiv,der,Bahnsteig,<-(e)s; -e>,peron,/
,,bald,,uskoro,/
Substantiv,der,Balkon,<-s; -s/-e>,balkon,/
Substantiv,der,Ball,<-(e)s; Bälle>,lopta,/
Substantiv,das,Ballet,<-(e)s; -e>,balet,/
Substantiv,die,Banane,<Banane; -n>,banana,/
Substantiv,das,Band,<-(e)s; Bänder>,vrpca/traka/spojnica,/
Substantiv,die,Bank,<Bank; -en>,banka,/
Substantiv,der,Bankier,<Bankiers; Bankiers>,bankar,/
Substantiv,der,Bär,<-en; -en>,medvjed,/
Substantiv,das,Bargeld,<-(e)s>,gotovina,/
Verb,,basieren ,,bazirati,/
Substantiv,die,Basis,<Basis; Basen>,baza / temelj,/
Substantiv,die,Batterie,<Batterie; -n>,baterija,/
Substantiv,der,Bau,<-(e)s; -ten>,gradnja / proizvodnja,/
Substantiv,der,Bauch,<-(e)s; Bäuche>,stomak/trbuh,/
Substantiv,die,Bauchschmerzen,pl,bol u stomaku,/
Verb,,bauen,ich baue / ich baute / ich habe gebaut,graditi / praviti,/
Substantiv,der,Bauer,<-n; -n>,seljak,/
Substantiv,die,Baufachmesse,<Messe; -n>,građevinski sajam,/
Substantiv,der,Baum,<-(e)s; Bäume>,stablo/drvo,/
Substantiv,das,Baumaterial,<-s; -lien>,građevinski materijal,/
Substantiv,der,Baumbestand,<-(e)s; Bestände>,skupina drveća,/
Substantiv,die,Baumkrone,<Baumkrone; -n>,krošnja drveta,/
Substantiv,der,Baumstamm,<-(e)s; Baumstämme>,deblo drveta,/
Verb,,beabsichtigen,ich beabsichtige / ich beabsichtigte / ich habe beabsichtigt,namjeravati,/
Verb,,beachten ,,obratiti pozornost na,/
Substantiv,der,Beamte,<-n; -n>,državni službenik/činovnik,/
Substantiv,die,Beamtin,<Beamtin; -nen>,državna službenica/činovnica,/
Verb,,beantragen,,potražiti / zatražiti / predložiti,/
Verb,,bearbeiten,ich bearbeite / ich bearbeitete / ich habe bearbeitet,obraditi/urediti,/
Verb,,bedeuten ,,značiti,/
Substantiv,die,Bedingung,<Bedingung; -en>,uvijet,/
Substantiv,die,Bedrohung,<Bedrohung; -en>,prijetnja/ugroza,/
Verb,,beeinträchtigen ,,smetati / ometati / krnjiti / okrnjiti,/
Verb,,beenden,,završiti,/
Verb,,befehlen,ich befehle / ich befahl / ich habe befohlen,narediti/zapovijediti,/
Substantiv,die,Befreiung,<Befreiung>,oslobođenje od nečega / izuzeće,/
Verb,,begegnen,ich begegne / ich begegnete / ich bin begegnet,sresti/susresti/naići,/
Substantiv,der,Beginn,<-(e)s>,početak,/
Verb,,beginnen ,,početi,/
Verb,,begrüßen,ich begrüße / ich begrüßte / ich habe begrüßt,pozdraviti,/
Verb,,beheben ,,otkloniti / odstraniti / ukloniti,/
Substantiv,die,Behörde,<Behörde; -n>,vlast / uprava,/
Präposition,,bei,Dativ,kod,/
Substantiv,die,Beichte,,ispovijed,/
,,beide ,,oba / obje / oboje,/
Substantiv,der,Beifahrersitz,<-es; -e>,suvozačko sjedalo,/
Substantiv,die,Beilage,<Beilage; -n>,prilog,/
Substantiv,das,Bein,<-(e)s; -e>,noga,/
Adverb,,beinahe,,skoro/gotovo/bezmalo,/
Substantiv,das,Beispiel,<-(e)s; -e>,primjer,/
Substantiv,der,Beitrag,<-(e)s; Beiträge>,doprinos(novčani),/
Adjektiv,,bekannt,,poznat,/
Verb,,bekommen,ich bekomme / ich bekam / ich habe bekommen,dobiti/primiti,/
Adjektiv,,belastbar,,izdržljiv / otporan na stres / žilav,/
Adjektiv,,beliebt,,omiljeni,/
Adjektiv,,belustigt,,podrugljiv,/
Verb,,bemerken,,primjetiti,/
Verb,,benachrichtigen,ich benachrichtige / ich benachrichtigte / ich habe benachrichtigt,obavijestiti,/
Adjektiv,,benötigt ,,potreban / zahtjevan / obavezan,/
Verb,,benutzen,ich benutze / ich benutzte / ich habe benutzt,iskoristiti / upogoniti,/
Substantiv,das,Benutzerkonto,<-s; -ten>,korisnički račun,/
Verb,,beobachten,ich beobachte / ich beobachtete / ich habe beobachtet,promatrati/motriti,/
Substantiv,der,Beobachtungsposten,<-s; ->,osmatračnica,/
Adjektiv,,bequem,,udoban,/
Verb,,beraten,ich berate / ich beriet / ich habe beraten,savjetovati,/
Substantiv,das,Beratungsgespräch,<-(e)s; -e>,konzultacije / savjetovanje,/
Verb,,berechnen,,naplaćivati,/
Adjektiv,,berechnend,,proračunat,/
Substantiv,die,Berechnung,<Berechnung; -en>,proračun / obračun,/
Substantiv,der,Bereich,<-(e)s; -e>,područje / domašaj / domet,/
Verb,,bereisen,,putovati,/
Adjektiv,,bereit,,spreman,/
Adverb,,bereits,,već,/
Verb,,bereitstellen ,,depolyati,/
Substantiv,die,Bereitstellung,<Bereitstellung>,stavljanje na raspolaganje / deployanje,/
Substantiv,der,Berg,<-(e)s; -e>,brdo/gora,/
Adverb,,bergab,,nizbrdo,/
Adverb,,bergauf,,uzbrdo,/
Substantiv,der,Berghang,<-(e)s; Berghänge>,padina planine/obronak,/
Substantiv,die,Berghütte,<Berghütte; -n>,planinska koliba/planinarski dom,/
Substantiv,der,Bericht,<-(e)s; -e>,izvješće / izvještaj,/
Verb,,berichten,,izvještavati,/
Substantiv,der,Bergsteiger,<-s; Bergsteiger>,planinar,/
Substantiv,der,Beruf,<-(e)s; -e>,zanimanje/profesija/poziv/zvanje,/
,,beruflich,,profesionalno,/
Substantiv,der,Berufsalltag,<-(e)s>,svakodnevica na poslu/poslovna rutina,/
Substantiv,die,Berufschancen,pl.,prospekti za posao,/
Adjektiv,,berufseinschlägig,,profesionalno relevantan,/
Substantiv,die,Berufserfahrung,<Berufserfahrung; -en>,radno iskustvo,/
Substantiv,die,Berufserfahrung,<Berufserfahrung; -en>,profesionalno iskustvo,/
Substantiv,die,Berufsschule,<Berufsschule; -n>,strukovna škola,/
Adjektiv,,berufstätig,,zaposlen,/
Verb,,berühren,ich berühre / ich berührte / ich habe berührt,dirati,/
Substantiv,die,Berührung,<Berührung; -en>,dodir,/
Verb,,beschäftigen,ich beschäftige / ich beschäftigte / ich habe beschäftigt,zaokupljati/baviti se/zaposliti,/
Adjektiv,,beschäftigt,,zauzet poslom,/
,die,Beschäftigung,<Beschäftigung; -en>,zaposlenje,/
Adjektiv,,beschlagen,,zamagljen,/
Verb,,beschreiben,ich beschreibe / ich beschrieb / ich habe beschrieben,opisati,/
Substantiv,die,Beschreibung,<Beschreibung; -en>,opis,/
Substantiv,der,Beschuldigte,<-n; -n>,okrivljenik/optuženik,
Substantiv,die,Beschuldigte,<-n; -n>,okrivljenica/optuženica,/
Substantiv,die,Beschwerde,<Beschwerde; -n>,žalba / pritužba,/
Substantiv,das,Beschwerdemanagement,<-s; -s>,upravljanje pritužbama,/
Verb,,besetzen ,,podijeliti uloge / zauzeti / zaposjednuti / opšiti,/
Verb,,besitzen ,,posjedovati / imati,/
Substantiv,der,Besitzer,<-s; Besitzer>,vlasnik/posjednik/gazda,/
Substantiv,die,Besitzerin,<Besitzerin; -innen>,vlasnica/posjednica/gazdarica,/
,,besonders,,naročito,/
Verb,,besorgen,,pobrinuti se,/
Substantiv,der,Bestand,<-(e)s; Bestände>,postojanje/stanje/trajanje/zaliha/skup,/
Verb,,bestätigen,ich bestätige / ich bestätigte / ich habe bestätigt,potvrditi,/
Substantiv,die,Bestätigung,<Bestätigung; -en>,potvrda,/
Verb,,bestäuben,ich bestäube / ich bestäubte / ich habe bestäubt,zaprašiti,/
Substantiv,das,Besteck,<-(e)s; -e>,pribor za jelo,/
Verb,,bestehen,ich bestehe / ich bestand / ich habe bestanden,postojati / biti / položiti,/
Adjektiv,,bestehend ,,postojeći / trenutni,/
Verb,,bestellen,,naručiti,/
Substantiv,die,Bestellung,<Bestellung; -en>,narudžba,/
Adverb,,bestimmt,,sigurno,/
Verb,,bestreuen,ich bestreue / ich bestreute / ich habe bestreut,škropiti/posipati,/
Substantiv,der,Besuch,<-(e)s; -e>,posjeta/gosti,/
Verb,,besuchen,ich besuche / ich besuchte / ich habe besucht,pohađati/posjetiti,/
Verb,,betäuben,ich betäube / ich betäubte / ich habe betäubt,omamiti/zaglušiti,/
Substantiv,der,Beton,"<-s; -s, -e>",beton,/
Substantiv,der,Betonbunker,<-s; ->,betonski bunker,/
Substantiv,der,Betrag,<-(e)s; Beträge>,iznos/svota,/
Substantiv,der,Betreff,<Betreffe / pl>,predmet (e-mail),/
Substantiv,der,Betrieb,<-(e)s; -e>,pogon / promet / tvornica / poduzeće / firma,/
Substantiv,das,Betriebsfest,<Betriebsfester; Betriebsfestest>,domjenak / zabava u poduzeću,/
Substantiv,das,Bett,<-(e)s; -en>,krevet/korito,/
Substantiv,die,Bettdecke,,prekrivač,/
Substantiv,das,Bettuch,,plahta za krevet,/
Adjektiv,,beunruhigend,,uznemirujuć,/
Verb,,beurteilen,,procijeniti / prosuditi,/
Substantiv,die,Bevölkerung,<Bevölkerung; -en>,stanovništvo,/
Substantiv,der,Bevölkerungsstand,<-(e)s; Bevölkerungsstände>,stanje stanovništva,/
,,bevor,`,prije,/
Verb,,bewegen,,kretati (se),/
Substantiv,die,Bewegung,<Bewegung; -en>,kretanje/pokret/ganuće,/
Verb,,bewerben,ich bewerbe mich / ich bewarb mich / ich habe mich beworben,konkurirati/prijaviti se na natječaj,/
Substantiv,der,Bewerber,<Bewerbers; Bewerber>,kandidat/pristupnik/prijavljenik/natjecatelj,/
Substantiv,die,Bewerbung,<Bewerbung; -en>,natječaj/natjecanje,/
Substantiv,die,Bewerbungsunterlagen,pl.,papiri za prijavu/konkurs/natječaj,/
Verb,,bewerten,,procijeniti / evaluirati,/
Substantiv,der,Bewohner,<-s; Bewohner>,stanovnik/stanar,/
Adjektiv,,bewölkt,,oblačan,/
Verb,,bewundern,,diviti se,/
Verb,,bezahlen,ich bezahle / ich bezahlte / ich habe bezahlt,platiti,/
,,beziehungsweise (bzw.) ,,odnosno,/
Substantiv,die,Bibel,<Bibel; -n>,Biblija,/
Substantiv,die,Bibliothek,<Bibliothek; -en>,knjižnica/biblioteka,/
Verb,,biegen,ich biege / ich bog / ich habe gebogen,savijati/krivudati/vijugati,/
Substantiv,die,Biene,<Biene; -n>,pčela,/
Substantiv,das,Bier,<-(e)s; -e>,pivo,/
Verb,,bieten ,,nuditi / ponuditi,/
Substantiv,das,Bild,<-(e)s; -er>,slika,/
Substantiv,der,Bildhauer,<-s; Bildhauer>,kipar,/
Substantiv,der,Bildungsgutschein,<-(e)s; -e>,kupon za edukaciju / vaučer za edukaciju,/
Adjektiv,,billig,,jeftin,/
Substantiv,die,Birne,<Birne; -n>,kruška,/
,,bis,,do,/
,,bis dahin,,do tada,/
,,Bis nachher,,vidimo se poslije,/
,,bis vor Kurzem ,,donedavno,/
Substantiv,der,Bischof,<-(e)s; Bischöfe>,biskup,/
,,bisher,,do sad,/
,,bislang ,,do sada / za sada,/
Verb,,bitten,,moliti nekoga,/
Adjektiv,,bitter,,gorak,/
Substantiv,die,Blase,<-; -n>,žulj,/
Verb,,blasen,ich blase / ich blies / ich habe geblasen,puhati,/
Adjektiv,,blass,,blijed,/
Substantiv,das,Blatt,<-(e)s; Blätter>,list,/
Adjektiv,,blättrig,,lisnat/slojevit,/
Adjektiv,,blau,,plav,/
Substantiv,die,Blechdose,<Blechdose; -n>,limenka,/
Verb,,bleiben,ich bleibe / ich blieb / ich bin geblieben,ostati,/
Substantiv,der,Bleistift,<-(e)s; -e>,olovka,/
Verb,,blenden,ich blende / ich blendete / ich habe geblendet,zaslijepiti,/
Substantiv,der,Blick,<-(e)s; -e>,pogled,/
Verb,,blicken,ich blicke / ich blickte / ich habe geblickt,pogledati,/
Substantiv,das,Blickfeld,<-(e)s; -er>,dogled/vidokrug,/
Substantiv,die,Blinddarmentzündung,<Blinddarmentzündung; -en>,upala slijepog crijeva,/
Substantiv,der,Blinker,<-s; Blinker>,žmigavac,/
Adjektiv,,blond,,plavokos,/
Substantiv,die,Blume,<Blume; -n>,cvijet,/
Substantiv,der,Blumengarten,<-s; Blumengärten>,cvjetnjak,/
Substantiv,der,Blumenstrauß,<-es; Sträuße>,buket cvijeća,/
Substantiv,die,Bluse,<Bluse; -n>,bluza,/
Substantiv,das,Blut,<-(e)s>,krv,/
Substantiv,der,Blutdruck,<-(e)s>,krvni tlak,/
Substantiv,der,Blutdruckmesser,-,tlakomjer,/
Substantiv,die,Blüte,<Blüte; -n>,cvat,/
Verb,,bluten,ich blute / ich blutete / ich habe geblutet,krvariti,/
Substantiv,der,Bluterguss,<-es; Blutergüsse>,hematom/modrica,/
Substantiv,die,Blutung,<Blutung; -en>,krvarenje,/
Substantiv,der,Boden,<-s; Böden>,pod/tlo/tavan,/
Substantiv,die,Bodenwelle,<Welle; -n>,izbočina na putu/neravan kolnik,/
Substantiv,die,Bohne,<-; -n>,grah,/
Substantiv,das,Boot,<-(e)s; -e>,čamac,/
Substantiv,die,Bordkarte,<Bordkarte; -n>,karta za ukrcaj,/
Adjektiv,,böse,,ljut,/
Substantiv,die,Brandwunde,<Brandwunde; -n>,opeklina,/
Verb,,brauchen,ich brauche / ich brauchte / ich habe gebraucht,trebati (nešto),/
Adjektiv,,braun,,smeđa,/
Adjektiv,,breit,,širok,/
Substantiv,die,Bremse,<Bremse; -n>,kočnica,/
Verb,,brennen,ich brenne / ich brannte / ich habe gebrannt,peći/žariti/bridjeti/gorjeti,/
Substantiv,der,Brief,<-(e)s; -e>,pismo,/
Substantiv,die,Briefmarke,<Briefmarke; -n>,poštanska marka,/
Substantiv,der,Briefträger,<-s; Briefträger>,poštar/pismonoša,/
Substantiv,der,Briefumschlag,<-(e)s; Briefumschläge>,omotnica/koverta,/
Substantiv,die,Brille,<Brille; -n>,naočale,/
Verb,,bringen,ich bringe / ich brachte / ich habe gebracht,donjeti/pokazati/izustiti,/
Substantiv,das,Brot,<-(e)s; -e>,kruh,/
Substantiv,das,Brötchen,<-s; Brötchen>,pecivo,/
Substantiv,der,Bruch,<-(e)s; Brüche>,prijelom/prekid/raskid/razlomak,/
Substantiv,die,Brücke,<Brücke; -n>,most,/
Substantiv,der,Bruder,<-s; Brüder>,brat,/
Substantiv,die,Brust,<Brust; Brüste>,prsa/grudi/sisa,/
Substantiv,das,Bruttoinlandsprodukt (BIP),<-(e)s; -e>,bruto domaći proizvod,/
Substantiv,das,Buch,<-(e)s; Bücher>,knjiga,/
Verb,,buchen ,,uknjižiti / bukirati / rezervirati,/
Substantiv,die,Bücherei,<Bücherei; -en>,knjižnica,/
Substantiv,die,Buchhandlung,<Buchhandlung; -en>,knjižara,/
Substantiv,das,Büchregal,<-s; -e>,polica za knjige,/
Substantiv,die,Bucht,<Bucht; -en>,zaljev/zaton,/
Substantiv,das,Budget,<-s; -s>,budžet,/
Adjektiv,,bunt,,šaren,/
Substantiv,der,Bürger,<-s; Bürger>,građanin,/
Substantiv,die,Bürgerin,<Bürgerin; -innen>,građanka,/
Substantiv,das,Büro,<-s; -s>,ured/kancelarija,/
Verb,,bürsten,ich bürste / ich bürstete / ich habe gebürstet,četkati,/
Substantiv,der,Bus,<-ses; -se>,autobus,/
Substantiv,die,Bushaltestelle,<Haltestelle; -n>,autobusna stanica,/
Substantiv,der,Büstenhalter,<-s; Büstenhalter>,grudnjak,/
Substantiv,die,Butter,<Butter>,maslac,/
Adjektiv,,buttrig,,pun maslaca/mastan u pozitivnom smislu,/
Substantiv,der,Champignon,<-s; -s>,šampinjon / pečurka,/
Substantiv,die,Chance,<Chance; -n>,šansa / prilika,/
Adjektiv,,chaotisch,,kaotičan,/
Adjektiv,,charakteristisch ,,karakterističan / značajan / svojstven,/
Substantiv,der,Chef,,šef,/
Substantiv,die,Chemie,<Chemie>,kemija,/
Substantiv,das,Cholesterin,<-s>,kolesterol,/
Substantiv,der,Computerkurs,<-es; -e>,tečaj za rad na računalu,/
,,dabei,,pri tome/usput,/
Substantiv,das,Dach,<-(e)s; Dächer>,krov,/
Substantiv,der,Dachboden,,potkrovlje,/
,,dagegen,,a/naprotiv,/
Substantiv,die,Dame,<Dame; Damen>,dama,/
,,damit ,,time,/
,,danach,,zatim/nakon toga/za to,/
Substantiv,der,Dank,<-(e)s>,zahvalnost,/
Adjektiv,,dankbar,,zahvalan,/
Verb,,danken,ich danke / ich dankte / ich habe gedankt,zahvaliti,/
Adverb,,darauf,,na to / na tome / na to poslije / zatim,/
,,daraufhin,,nakon toga / zatim,/
,,darüber,,o tom/nad tim/iznad toga,/
,,darüber,,o tome,/
,,darunter ,,niže / među njima / pod tim,/
,,Das stimmt.,,To stoji. Slažem se. ,/
,,dasselbe ,,isti,/
Substantiv,die,Daten,pl.,podaci,/
Verb,,dauern,es dauert / es dauerte / es hat gedauert,trajati,/
Substantiv,der,Daumen,<-s; Daumen>,palac,/
,,davon,,o tome/to,/
,,dazu,,na to / k tome / uz to,/
Substantiv,das,Deck,<-(e)s; -s>,paluba,/
,,demnach ,,dakle / prema tome,/
Verb,,denken,ich denke / ich dachte / ich habe gedacht,misliti,/
Substantiv,der,der Zuschuss ,,pomoć / subvencija / potpora u financijskom smislu,/
,,deshalb,,zbog toga/zato,/
Substantiv,das,Desinfektionsmittel,<-s; Desinfektionsmittel>,sredstvo za dezinfekciju,/
Substantiv,das,Dessert,<-s; -s>,desert,/
,,deswegen,,zato,/
Substantiv,das,Detail,<-s; -s>,detalj / pojedinost,/
Adjektiv,,deutlich,,razgovjetan/jasan,/
Substantiv,der,Dezember,<-(s); Dezember>,prosinac,/
,der,Dialog,<-(e)s; -e>,dijalog,/
Adjektiv,,dick,,debeo,/
,,die Verantwortung übernehmen ,,preuzeti odgovornost,/
Substantiv,die,Diele,<Diele; -n>,predsoblje/trijem,/
Substantiv,der,Dienst,<-(e)s; -e>,služba / usluga / servis,/
Substantiv,der,Dienstag,<-(e)s; -e>,utorak,/
Substantiv,die,Dienststelle,<Dienststelle; -n>,služba,/
Substantiv,der,Diesel,<-s>,dizel,/
Substantiv,die,Digitalisierung,<Digitalisierung; kein pl>,digitalizacija,/
Substantiv,das,Ding,<-(e)s; -e>,stvar,/
Substantiv,der,Direktor,<-s; -toren>,direktor,/
Substantiv,die,Disziplin,<Disziplin; -en>,disciplina / stega / struka,/
Partikel,,doch,,međutim,/
Substantiv,das,Dokument,<-(e)s; -e>,dokument/spis/isprava,/
Substantiv,die,Dokumentation,<Dokumentation; -en>,dokumentacija,/
Verb,,dominieren ,,dominirati / prevagnuti / prevladavati,/
Substantiv,der,Donner,<-s; Donner>,grmljavina/grom/tutnjava,/
Substantiv,der,Donnerstag,<-(e)s; -e>,četvrtak,/
Substantiv,das,Doppelbett,<-(e)s; -en>,bračni krevet/francuski krevet,/
Substantiv,das,Doppelzimmer,<-s; Doppelzimmer>,dvokrevetna soba,/
,,dort,,tamo,/
,,dorthin,,tamo,/
Substantiv,die,Dose,<-; -n>,kutija/doza,/
Substantiv,der,Draht,<-(e)s; Drähte>,žica,/
Substantiv,das,Drama,<-s; -men>,drama,/
Adverb,,draußen,,vani,/
Verb,,drehen,ich drehe / ich drehte / ich habe gedreht,okrenuti/obrnuti/okretati,/
Adverb,,dringend ,,hitno / žurno / urgentno / neodložno,/
Adverb,,drinnen,,unutra,/
Verb,,drücken,ich drücke / ich drückte / ich habe gedrückt,pritisnuti/stisnuti/žuljati/grliti,/
Substantiv,der,Drucker,-s Drucker,pisač,/
Substantiv,der,Duft,<-(e)s; Düfte>,miris/vonj,/
Adjektiv,,dumm,,glup,/
Adjektiv,,dunkel,,mračno/tamno,/
Adjektiv,,dunkelhaarig,,tamnokos,/
Substantiv,die,Dunkelheit,<Dunkelheit>,tama/mrak/tmina,/
Adjektiv,,dunkle Farben,,tamne boje,/
Adjektiv,,dünn,,mršav,/
Präposition,,durch,Akkusativ,kroz,/
Substantiv,die,Durchführung,<Durchführung; -en>,izvedba / provedba / provođenje,/
Adjektiv,,durchgelegen,,izležani/uleknut(madrac),/
Verb,,durchlesen,,pročitati,/
Substantiv,der,Durchschnitt,<-s; -e>,prosjek,/
Substantiv,die,Durchschnittsgeschwindigkeit,<Geschwindigkeit; -en>,prosječna brzina,/
Verb,,dürfen,ich darf / ich durfte / ich habe gedurft,smjeti,/
Adjektiv,,durstig,,žedan,/
Substantiv,die,Ebbe,<Ebbe; -n>,oseka,/
Substantiv,die,Ebene,<Ebene; -n>,ravnica / ravnina,/
,,ebenfalls,,također,/
Substantiv,die,Ecke,<Ecke; -n>,ugao / kraj,/
Substantiv,der,Efeu,<-s; ->,bršljan,/
,,egal,,isti,/
Substantiv,das,Ehepaar,<-(e)s; -e>,bračni par,/
Substantiv,die,Ehre,<Ehre; -n>,čast/obraz/poštenje,/
Substantiv,der,Ehrgeiz,<-es>,ambicija,/
Adjektiv,,ehrlich,,pošten,/
Substantiv,das,Ei,<-(e)s; -er>,jaje,/
Substantiv,die,Eiche,<Eiche; -n>,hrast,/
Substantiv,das,Eichhörnchen,<-s; Eichhörnchen>,vjeverica,/
Substantiv,die,Eifersucht,<Eifersucht>,ljubomora,/
Adjektiv,,eifersüchtig,,ljubomoran,/
,,eigen,,vlastiti/svoj/poseban,/
Substantiv,das,Eigenkapital,<-s; -e / -lien>,početni kapital,/
,,eigentlich,,u stvari,/
,,eigenverantwortlich ,,autonoman / nezavisan,/
Substantiv,der,Eindruck,<-(e)s; Eindrücke>,utisak,/
,,einen Schuss abfeuern ,,opaliti hitac,/
Adjektiv,,einfach,,jednostavan,/
Verb,,einfallen,es fällt ein / es fiel ein / es ist eingefallen,srušiti (se)/upadati/pasti na um/sjetiti (se),/
Substantiv,das,Einfamilienhaus,,obiteljska kuća,/
Substantiv,der,Einfluss,<-es; Einflüsse>,utjecaj / upliv,/
Verb,,einführen,ich führe ein / ich führte ein / ich habe eingeführt,uvoziti,/
Substantiv,der,Eingang,<-(e)s; Eingänge>,ulaz/prijem,/
Verb,,eingerichten,,opremiti,/
Adjektiv,,eingerichtet,,opremljen,/
,,einige,,nekoliko / neki,/
Verb,,einkaufen,,ići u kupovinu,/
Substantiv,die,Einkaufsliste,<Einkaufsliste; -n>,popis za trgovinu,/
Substantiv,der,Einklang,<-(e)s>,sklad / skladnost,/
Substantiv,das,Einkommen,<-s; Einkommen>,prihod/dohodak/zarada,/
Verb,,einladen,ich lade ein / ich lud ein / ich habe eingeladen,pozvati / uručiti poziv,/
Substantiv,die,Einladung,<Einladung; -en>,poziv,/
,,einmal,,jednom/jedanput,/
Verb,,einnehmen,,uzeti,/
Substantiv,der,Einsatz,<-es; Einsätze>,misija / akcija / djelo,/
Verb,,einschlafen,,uspavati/zaspati,/
Verb,,einsetzen,ich setze ein / ich setzte ein / ich habe eingesetzt,namjestiti/usaditi/postaviti/založiti/započeti/nastupiti,/
Verb,,einsteigen,,ući/popeti se u vozilo,/
Verb,,einstellen ,,obustaviti / prekinuti / umetnuti / podesiti,/
Substantiv,die,Einstellung,<Einstellung; -en>,obustava / prekid / stav / zapošljavanje,/
Substantiv,der,Einstiegsgehalt,<-(e)s; -e>,početna plaća,/
Verb,,einteilen,ich teile ein / ich teilte ein / ich habe eingeteilt,rasporediti/raspodijeliti,/
Verb,,eintreffen ,,stizati / stići,/
Verb,,eintreten,,ući,/
Substantiv,der,Eintritt,<-(e)s; -e>,ulaz/pristup,/
Substantiv,die,Einwanderin,-,imigrantica,/
Substantiv,der,Einwohner,<-s; Einwohner>,stanovnik,/
Substantiv,die,Einwohnerin,<Einwohnerin; -innen>,stanovnica,/
Substantiv,die,Einzahlung,<Einzahlung; -en>,uplata,/
Substantiv,der,Einzelhandel,<-s>,maloprodaja,/
Verb,,einziehen,,useliti se,/
Substantiv,die,Einzigartigkeit,<Einzigartigkeit; kein pl>,jedinstvenost / individualnost,/
Substantiv,das,Eis,<-es>,sladoled,/
Adjektiv,,eiskalt,,hladan kao led,/
Substantiv,das,Eislaufen,-,klizanje na ledu,/
Substantiv,der,Elefant,<-en; -en>,slon,/
Substantiv,der,Elektriker,<-s; Elektriker>,električar,/
Substantiv,die,Elektrizität,<Elektrizität>,elektricitet,/
Substantiv,die,Elektronikindustrie,<Elektronikindustrie; -n>,elektronska industrija,/
Substantiv,die,Eltern,<pl.>,roditelji,/
Substantiv,der,Empfang,<-(e)s; Empfänge>,doček/primanje/prijem/recepcija/prijem signala,/
Verb,,empfangen,,primiti,/
Substantiv,der,Empfänger,<-s; Empfänger>,primatelj/prijemnik,/
Substantiv,der,Empfangschef,<-s; -s>,recepcionar/šef recepcije,/
Substantiv,die,Empfangsdame,<Empfangsdame; Empfangsdamen>,recepcionerka,/
Verb,,empfehlen,ich empfehle / ich empfahl / ich habe empfohlen,preporučiti,/
Substantiv,die,Empfehlung,<Empfehlung; -en>,preporuka,/
Substantiv,das,Ende,<-s; -n>,kraj,/
Adverb,,endgültig,,konačno,/
,,endgültig ,,konačno / konačan,/
,,endlich,,konačno,/
Adjektiv,,eng,,tijesan/uzak/prisan,/
Substantiv,der,Enkel,<-s; Enkel>,unuk,/
Substantiv,die,Enkelin,<Enkelin; -nen>,unuka,/
Substantiv,die,Entbindungsklinik,<Klinik; -en>,rodilište,/
Verb,,entdecken,ich entdecke / ich entdeckte / ich habe entdeckt,otkriti/pronaći,/
Substantiv,die,Ente,<Ente; -n>,patka/lažna vijest,/
,,entfernt,,udaljen,/
Verb,,entkommen ,,pobjeći / izbjeći,/
,,entlang,,uzduž,/
Verb,,entscheiden,,odlučiti,/
Adjektiv,,entscheidend ,,odlučujući / presudan,/
Substantiv,die,Entscheidung,<Entscheidung; -en>,odluka/rješenje,/
Adjektiv,,entschieden,,odlučan / odrješit,/
Verb,,entschuldigen,,oprostiti,/
Adjektiv,,entspannend,,opuštajuće/relaksirajuće,/
Verb,,entsprechen ,,odgovarati / biti jednako,/
Adjektiv,,entsprechend ,,odgovarajući / primjeren / korespodentni,/
Verb,,entstehen ,,nastati / postati,/
Adjektiv,,enttäuscht,,razočaran,/
,,entweder..oder ,,ili..ili,/
Verb,,entwicklen,ich entwickle / ich entwickelte / ich habe eintwickelt,razvijati,/
Substantiv,der,Entwickler,<-s; Entwickler>,developer,/
Substantiv,die,Entwicklerin,<Entwicklerin; -innen>,developerka,/
Substantiv,die,Entwicklung,<Entwicklung; -en>,razvoj / razvitak / kretanje,/
Substantiv,die,Entzündung,<Entzündung; -en>,upala,/
Substantiv,die,Erbse,<Erbse; -n>,grašak,/
Substantiv,die,Erdbeere,<Erdbeere; -n>,jagoda,/
Substantiv,die,Erde,<Erde; -n>,Zemlja/zemlja/uzemljenje,/
Substantiv,das,Erdgeschoss,<-es; -e>,prizemlje,/
Verb,,erfahren,,iskusiti / doznati / saznati,/
Substantiv,die,Erfahrung,<Erfahrung; -en>,iskustvo,
Substantiv,der,Erfahrungsaustausch,<-(e)s; -e>,razmjena iskustava,/
Substantiv,der,Erfolg,<-(e)s; -e>,uspjeh,/
Adjektiv,,erfolglos,,neuspješan,/
Adjektiv,,erfolgreich,,uspješan,/
Adjektiv,,erforderlich ,,potreban / neophodan,/
Verb,,ergänzen,,popuniti,/
Verb,,ergeben ,,pokazati / odan / privržen,/
Substantiv,das,Ergebnis,<-ses; -se>,rezultat/posljedica,/
Verb,,erhalten,,primiti / dobiti,/
Verb,,erhaschen,ich erhasche / ich erhaschte / ich habe erhascht,uhvatiti,/
Verb,,erhöchen,,povećati,/
Substantiv,die,Erholung,<Erholung>,odmor / oporavak,/
Substantiv,die,Erinnerung,<Erinnerung; -en>,sjećanje,/
Adjektiv,,erkältet,,prehlađen,/
Substantiv,die,Erkältung,<Erkältung; -en>,prehlada,/
Substantiv,die,Erkältungsmedizin,<Erkältungsmedizin>,lijekovi protiv prehlade,/
Verb,,erkennen,ich erkenne / ich erkannte / ich habe erkannt,shvatiti / prepoznati,/
Substantiv,die,Erkenntnis,<Erkenntnis; -se>,spoznaja/saznanje,/
Verb,,erklären ,ich erkläre / ich erklärte / ich habe erklärt,objasniti / rastumačiti / razjasniti / obrazložiti,/
Substantiv,die,Erklärung,<Erklärung; -en>,objašnjenje/izjava,/
Substantiv,das,Erklärungsformular,-(e)s -e,deklaracijski obrazac,/
Verb,,erkunden ,,izvidjeti,/
Verb,,erlauben,,dozvoliti / dopustiti,/
Substantiv,die,Erlaubnis,<Erlaubnis; -(se)>,dozvola,/
Verb,,erleben,ch erlebe / ich erlebte / ich habe erlebt,doživjeti,/
Substantiv,das,Erlebnis,<-ses; -se>,doživljaj,/
Verb,,erledigen,,urediti,/
Substantiv,die,Erleichterung,<Erleichterung; -en>,olakšanje,/
Substantiv,der,Ermittler,<-s; Ermittler>,ispitivač / istražitelj,/
Substantiv,die,Ermittlerin,<Ermittlerin; -innen>,ispitivačica / istražiteljica,/
Verb,,ermöglichen ,,omogućiti,/
Adverb,,erneut,,iznova/opet/ponovo,/
Adjektiv,,ernst,,ozbiljan,/
Substantiv,die,Ernte,<Ernte; -n>,žetva/berba,/
Adjektiv,,erprobte ,,oproban / iskušan / provjeren / dokazan,/
Verb,,erreichen,ich erreiche / ich erreichte / ich habe erreicht,doseći / dosegnuti / dostići / dostignuti,/
Substantiv,die,Erschöpfung,<Erschöpfung; -en>,iscrpljenost/iznemoglost/klonulost/zamor,/
,,erst,,tek,/
Substantiv,die,Erstellung,<Erstellung; kein pl>,konstrukcija / provizija / kreacija,/
Substantiv,die,Erwachsene,<-n; -n>,odrasle,/
Substantiv,der,Erwachsene,<-n; -n>,odrasli,/
Verb,,erwähnen,ich erwähne / ich erwähnte / ich habe erwähnt,spomenuti/spominjati,/
Verb,,erwarten,ich erwarte / ich erwartete / ich habe erwartet,očekivati,/
Verb,,erwirken ,,isposlovati / ishoditi,/
Verb,,erwischen,,uloviti,/
Verb,,erzählen,ich erzähle / ich erzählte / ich habe erzählt,ispričati,/
Verb,,erzeugen,ich erzeuge / ich erzeugte / ich habe erzeugt,proizvoditi,/
Verb,,erzielen ,,postići / ostvariti,/
,,es freut mich!,,to me raduje,/
,,es gibt,,ima / nalazi se,/
Substantiv,der,Esel,<-s; Esel>,magarac,/
Verb,,essen,ich esse / ich aß / ich habe gegessen,jesti,/
Substantiv,das,Essen,<-s; Essen>,jelo/obrok,/
Substantiv,der,Essig,,ocat,/
Substantiv,der,Eßtisch,,blagovaonski stol,/
Substantiv,das,Etikett,<-s; -en>,etiketa/naljepnica,/
,,etwa,,otprilike / oko,/
Pronomen,,etwas,,nešto,/
,,etwas,,nešto,/
Substantiv,die,Eule,<Eule; -n>,sova,/
,,eventuell,,možda / eventualno,/
Substantiv,die,Fabrik,<Fabrik; -en>,tvornica,/
Substantiv,der,Facharzt,<-es; Fachärzte>,liječnik specijalist,/
,,fachlich,,stručan / stručni,/
Substantiv,die,Fachrichtung,<Fachrichtung; -en>,pravac/smjer u obrazovanju/specializacija,/
Adjektiv,,fad,,dosadan/suhoparan,/
Adjektiv,,fahl,,blijed/ispran,/
Substantiv,die,Fahne,<Fahne; -n>,zastava,/
Verb,,fahren,ich fahre / ich fuhr / ich bin gefahren,voziti/prostrujati/provesti,/
Substantiv,der,Fahrer,<-s; Fahrer>,vozač,/
Substantiv,das,Fahrgestell,<-(e)s; -e>,šasija,/
Substantiv,die,Fahrkarte,<Fahrkarte; -n>,karta za vožnju,/
Substantiv,der,Fahrkartenschalter,<-s; Schalter>,šalter za prodaju karata,/
Substantiv,das,Fahrrad,<-(e)s; Fahrräder>,bicikl,/
Substantiv,der,Aufzug,<-(e)s; Aufzüge>,lift,/
Substantiv,der,Fahrweg,<-es; -e>,put za vozila,/
Substantiv,das,Fahrzeug,<-(e)s; -e>,vozilo,/
Substantiv,die,Fahrzeugindustrie,<Fahrzeugindustrie; -n>,industrija vozila,/
Substantiv,der,Fahrzeugschein,<-(e)s; -e>,prometna dozvola,/
Substantiv,die,Fakultät,<Fakultät; -en>,fakultet,/
Substantiv,der,Falke,<-n; -n>,jastreb/sokol,/
Substantiv,der,Fall,<-(e)s; Fälle>,slučaj/pad/padež,/
Verb,,fallen,ich falle / ich fiel / ich bin gefallen,pasti,/
Adverb,,falsch,,pogrešno,/
Substantiv,die,Familie,<Familie; -n>,obitelj,/
Substantiv,der,Familienname,<-ns; -n>,prezime,/
Substantiv,der,Familienstand,<-(e)s>,bračno stanje,/
Substantiv,die,Farbe,<Farbe; -n>,boja,/
Substantiv,das,Farbmuster,<-s; Farbmuster>,uzorak boje,/
,,fast,,skoro,/
Adjektiv,,faul,,lijen,/
Substantiv,der,Februar,<-(s); -(e)>,veljača,/
Verb,,fehlen,,nedostajati / faliti / izostati,/
Substantiv,der,Fehler,<-s; Fehler>,greška,/
Substantiv,die,Fehlerbehebung,-,otklanjanje grešaka / troubleshooting,/
Verb,,feiern,iche feiere / ich feierte / ich habe gefeiert,slaviti,/
Substantiv,das,Feld,<-(e)s; -er>,polje/njiva,/
Substantiv,das,Fell,<-(e)s; -e>,koža/krzno,/
Substantiv,der,Feller,<-s; Fehler>,pogreška/greška/mana,/
Substantiv,der,Felsblock,<-es; Felsblöcke>,kamena gromada,/
Substantiv,der,Felsen,<-s; Felsen>,stijena/stijenje,/
Substantiv,das,Fenster,<-s; Fenster>,prozor,/
Substantiv,die,Ferien,<pl.>,praznici,
Adjektiv,,fern,,daleki/udaljen,
Substantiv,der,Fernseher,-(e)s Fernseher,televizor,
,,fertig,,gotov / završen,
Substantiv,das,Fest,<-(e)s; -e>,slava/svečanost/festival,
Adjektiv,,fest,,stalan/čvrst/jak/tvrd/obavezan,
Substantiv,die,Festnahme,<Festnahme; -n>,hapšenje,
Substantiv,das,Fett,<-(e)s; -e>,mast/masnoća,
Adjektiv,,feucht,,vlažan/mokar,
Substantiv,das,Feuer,,vatra,
Verb,,feuern ,,paliti / zapaliti,
Substantiv,das,Fieber,<-s>,groznica/vrućica,
Substantiv,das,Fieberthermometer,<-s; Fieberthermometer>,toplomjer,
Substantiv,der,Film,<-(e)s; -e>,film,
Verb,,finden,ich finde / ich fand / ich habe gefunden,naći,
Substantiv,der,Finger,<-s; Finger>,prst,
Substantiv,die,Firma,<Firma; -men>,firma / tvrtka,
Substantiv,der,Fisch,<-(e)s; -e>,riba,
Substantiv,das,Fischgericht,<-(e)s; -e>,riblje jelo,
Substantiv,der,Fischmarkt,<-(e)s; Fischmärkte>,riblja tržnica/ribarnica,
Substantiv,das,Fitnessstudio,<-s; -s>,teretana,
Adjektiv,,flach,,plitak/plosnat/ravan,
Substantiv,die,Fläche,<Fläche; -n>,površina,
Substantiv,die,Flamme,<-; -n>,plamen,
,die,Flasche,<Flasche; -n>,boca,
Verb,,flattern,ich flattere / ich flatterte / ich habe geflattert,lepršati,
,das,Fleisch,<-(e)s>,meso,
Substantiv,der,Fleischer,<-s; Fleischer>,mesar,
Substantiv,die,Fleischerei,<Fleischerei; -en>,mesnica,
Substantiv,das,Fleischgericht,<-(e)s; -e>,jelo od mesa,
Adjektiv,,fleißig,,marljiv/radišan,
Substantiv,die,Flexibilität,<Flexibilität>,fleksibilnost / gipkost,
Substantiv,die,Fliege,<Fliege; -n>,muha,
Verb,,fliegen ,,letjeti / biti otpušten,
Verb,,fluchen,ich fluche / ich fluchte / ich habe geflucht,psovati,
Substantiv,der,Flug,<-(e)s; Flüge>,let,
Substantiv,der,Flughafen,<-s; Flughäfen>,zračna luka/aerodrom,
Substantiv,die,Flugnummer,<Flugnummer; -n>,broj leta,
Substantiv,der,Flugplan,<-(e)s; Flugpläne>,red letenja,
Substantiv,der,Flugschalter,<-s; Flugschalter>,šalter na aerodromu,
Substantiv,der,Flugsteig,<-e>,ulaz u avion / avio-most / vrata / gate,
Substantiv,das,Flugzeug,<-(e)s; -e>,zrakoplov / avion,
Substantiv,der,Fluss,<-es; Flüsse>,rijeka,
Adverb,,flussabwärts,,nizvodno,
Adverb,,flussaufwärts,,uzvodno,
Substantiv,die,Flut,<Flut; -en>,plima/poplava/bujica,
Verb,,folgen,ich folge / ich folgte / ich bin gefolgt,slijediti,
,,folgend,,sljedeći,
Substantiv,das,Formular,<-(e)s; -e>,formular/forma,
Substantiv,die,Forschung,<Forschung; -en>,istraživanje,
Substantiv,die,Forschungs- und Entwicklungsabteilung,<Abteilung; -en>,odjel za istraživanje i razvoj / R&D odjel,
Substantiv,der,Fortschritt,<-(e)s; -e>,napredak / progress,
Verb,,fortsetzen,ich setze fort / ich setzte fort / ich habe fortgesetzt,nastaviti,
Substantiv,das,Foto,<-s; -s>,fotografija,
Verb,,fotografieren,,fotografirati,
Substantiv,der,Frachtschiff,<-(e)s; -e>,teretni brod,
Substantiv,die,Frage,<Frage; -n>,pitanje,
Verb,,fragen,ich frage / ich fragte / ich habe gefragt,pitati,
Substantiv,die,Frau,<Frau; -en>,žena,
,,frei,,slobodan,
Substantiv,die,Freiheit,<Freiheit; -en>,sloboda,
Substantiv,der,Freitag,<-(e)s; -e>,petak,
Substantiv,die,Freizeit,<Freizeit; -en>,slobodno vrijeme,
Adjektiv,,fremd,,stran/tuđ/nepoznat/čudan,
Substantiv,der,Fremde,<-n; -n>,stranac,
Substantiv,die,Fremde,<-n; -n>,strankinja,
Substantiv,die,Freude,<Freude; -n>,radost,
Substantiv,der,Freund,<-(e)s; -e>,prijatelj/dečko,
Substantiv,die,Freundin,<Freundin; -nen>,prijateljica/djevojka,
Adjektiv,,freundlich,,prijateljski,
Substantiv,der,Frieden,<-s>,mir,
Substantiv,der,Friedhof,<-(e)s; Friedhöfe>,groblje,
,,frisch,,svjež,
Substantiv,der,Friseur,<-s; -e>,frizer,
,,froh,,veseo / radostan,
Substantiv,der,Frosch,<-(e)s; Frösche>,žaba,
Verb,,frösteln,ich fröstele / ich fröstelte / ich habe gefröstelt,zepsti,
Substantiv,die,Frucht,<Frucht; Früchte>,plod / rod / voćka / žito / uspjeh,
Substantiv,der,Fruchtsaft,<-(e)s; Fruchtsäfte>,voćni sok,
,,früh,,rano,
Substantiv,der,Frühling,<-s; -e>,proljeće,
Substantiv,das,Frühstück,<-s; -e>,doručak,
Verb,,frühstücken ,,doručkovati,
Substantiv,der,Fuchs,<-es; Füchse>,lisica/lisac,
Verb,,führen,ich führe / ich führte / ich habe geführt,voditi/upravljati/rukovati/voziti,
Substantiv,der,Führerschein,<-(e)s; -e>,vozačka dozvola,
Verb,,füllen,,osjetiti / osjećati,
Substantiv,das,Funkgerät,<-s; -e>,radio-uređaj/woki-toki/CB radio,
Präposition,,für,Akkusativ,za,
Adjektiv,,furchtbar,,strašan,
Substantiv,der,Fuß,<-es; Füße>,stopalo,
Substantiv,der,Fußball,<-(e)s>,nogomet,
Substantiv,der,Fußballplatz,<-es; Fußballplätze>,nogometno igralište,
Substantiv,der,Fußgänger,<-s; Fußgänger>,pješak,
Substantiv,die,Gabel,<Gabel; -n>,vilica,
Substantiv,der,Gang,<-(e)s; Gänge>,brzina (mjenjača)/hod/hodnik/prolaz/tok/rad,
,,gängig ,,trenutno / uobičajeno / izvedivo / moguće,
Substantiv,die,Gans,<Gans; Gänse>,guska,
,,ganz,,sasvim/ cijel,
Substantiv,der,Garten,<-s; Gärten>,vrt,
Substantiv,der,Gartenarbeiter,<-s; Gartenarbeiter>,vrtlarski radnik,
Substantiv,die,Gartenarbeiterin,<Gartenarbeiterin; -innen>,vrtlarska radnica,
Substantiv,der,Gartenbetrieb,<-(e)s; -e>,vrtlarska firma,
Substantiv,der,Gärtner,<-s; Gärtner>,vrtlar,
Substantiv,die,Gärtnerei,<Gärtnerei; -en>,vrtlarija / firma koja se bavi okolišnim uređenjem,
Substantiv,die,Gärtnerin,<Gärtnerin; -innen>,vrtlarica,
Substantiv,der,Gast,<-es; Gäste>,gost,
Substantiv,das,Gebäude,<-s; Gebäude>,zgrada,
Substantiv,die,Gebäudereinigung,<Gebäudereinigung; -en>,čišćenje zgrada,
Verb,,geben,ich gebe / ich gab / ich habe gegeben,dati,
Substantiv,das,Gebet,<-(e)s; -e>,molitva,
Adjektiv,,gebildet,,obrazovan,
Substantiv,das,Gebirge,<-s; Gebirge>,planina,
,,geboren,,rođen,
Substantiv,das,Geburtsdatum,"<-s; Daten, Data>",datum rođenja,
Substantiv,der,Geburtsort,<-(e)s; -e>,mjesto rođenja,
Substantiv,der,Geburtstag,<-(e)s; -e>,rođendan,
Adverb,,gedankenlos,,bez razmišljanja,
Substantiv,die,Geduld,<Geduld>,strpljenje,
Adjektiv,,geduldig ,,strpljiv,
Verb,,gefallen,,svidjati se,
Adjektiv,,gefärlich,,opasno,
Substantiv,das,Gefühl,,osjećaj,
Substantiv,das,Gefühl,<-(e)s; -e>,osjećaj/osjećanje/čuvstvo,
Adjektiv,,geführt ,,vođen / upravljan,
Präposition,,gegen,Akkusativ,protiv,
,,gegenseitig,,međusobno/obostrano/uzajamno,
Substantiv,der,Gegenstand,<-(e)s; Gegenstände>,predmet,
Substantiv,das,Gegenteil,<-(e)s; -e>,suprotnost,
Präposition,,gegenüber,Dativ,preko puta/nasuprot,
Substantiv,die,Gegenwart,<Gegenwart>,sadašnjost,
Substantiv,das,Gehalt,<-(e)s; Gehälter>,plaća,
Substantiv,der,Gehalt,<-(e)s; -e>,sadržaj/sadržina,
Substantiv,das,Geheimnis,<-ses; -se>,tajna,
Verb,,gehen,ich gehe / ich ging / ich bin gegangen,ići,
Substantiv,das,Gehirn,<-(e)s; -e>,mozak,
Verb,,gehören,ich gehöre / ich gehörte / ich habe gehört,pripasti / spadati / pripadati,
Adjektiv,,geizig,,škrt,
Adjektiv,,gelaunt,,raspoložen,
Adjektiv,,gelb,,žuta,
Substantiv,das,Geld,<-(e)s; -er>,novac,
Substantiv,der,Geldschein,<-(e)s; -e>,novčanica,
Substantiv,der,Geldwechsel,<-s; Geldwechsel>,mjenjačnica,
Substantiv,die,Gelegenheit,<Gelegenheit; -en>,prilika,
Substantiv,das,Gemälde,<-s; Gemälde>,umjetnička slika,
,,gemeinsam,,zajedno,
Substantiv,die,Gemeinschaft,<Gemeinschaft; -en>,zajednica,
Substantiv,das,Gemüse,<-(e)s; Gemüse>,povrće,
Substantiv,der,Gemüsegarten,<Gemüsegarten; Gemüsegärten>,povrtnjak,
,,gemütlich,,prijatan/ugodan,
,,genau,,točno/upravo tako,
Substantiv,der,Generator,<-s; -en>,generator,
,,genug,,dovoljno/dosta,
Substantiv,die,Genussmittelindustrie,<Genussmittelindustrie; -n>,industrija luksuzne hrane,
,,geöffnet,,otvoren,
Substantiv,die,Geografie,<Geografie>,geografija / zemljopis,
Substantiv,das,Gepäck,<-(e)s> ,prtljaga,
Substantiv,die,Gepäckausgabe,<Gepäckausgabe; -n>,izdavanje/preuzimanje prtljage,
Adjektiv,,gepfeffert,,popapren,
Substantiv,das,Gerät,<-(e)s; -e>,uređaj/naprava/pribor,
Substantiv,das,Geräusch,<-(e)s; -e>,šum,
Adjektiv,,gereizt,,razdražen,
Adverb,,gern,,rado,
Substantiv,der,Geruch,<-(e)s; Gerüche>,zadah/miris/vonj,
Substantiv,die,Gesamtbevölkerung,<Gesamtbevölkerung; -en>,posao/radnja/trgovina/stvar/nužda,
Substantiv,das,Geschäft,<-(e)s; -e>,prodavaonica,
Substantiv,der,Geschäftskunde,<-n; -n>,poslovni klijent,
,,geschäftskundig ,,iskusan/vješt u poslu,
Substantiv,der,Geschäftsprozess,<-es; -e>,poslovni proces,
Substantiv,die,Geschäftsreise,<Geschäftsreise; -n>,poslovni put,
,der,Geschäftsvorfall,<Geschäftsvorfälle>,poslovni događaj / poslovni event (poruka) / transakcija,
,das,Geschäftstreffen,<-s; Treffen>,poslovni sastanak,
Adjektiv,,geschickt,,spretan/snalažljiv/vješt,
Adjektiv,,geschieden,,rastavljen,
Substantiv,die,Spülmaschine,<Spülmaschine; -n>,perilica posuđa,
Substantiv,das,Geschlecht,<-(e)s; -er>,spol,
,,geschlossen,,zatvoren/jedinstven/bez iznimke,
,die,Geschwindigkeitsbegrenzung,<Geschwindigkeitsbegrenzung; -en>,ograničenje brzine,
,die,Geschwister,<pl.>,braća i sestre,
Substantiv,die,Gesellschaft,<Gesellschaft; -en>,društvo,
Substantiv,das,Gesetz,<-es; -e>,zakon,
Substantiv,das,Gesicht,<-(e)s; -er>,lice,
Substantiv,das,Gespenst,<-s; -er>,duh,
Substantiv,das,Gespräch,<-(e)s; -e>,razgovor,
Substantiv,die,Gestalt,<Gestalt; -en>,oblik/lik/stas,
,,gestalten ,,načiniti / uobličiti / oblikovati / razviti,
,,gestern,,jučer,
Adjektiv,,gestickt,,izvezen/prišiven,
,,gestorben,,umro,
Adjektiv,,gesund,,zdrav,
Substantiv,die,Gesundheit,<Gesundheit>,zdravlje,
,,gesundheitlich,,zdravstveni/vezano uz zdravlje,
Substantiv,die,Gesundheitsuntersuchung,<Gesundheitsuntersuchung; -en>,zdravstveni pregled/opći zdravstveni pregled,
Substantiv,das,Getränk,<-(e)s; -e>,piće,
Adjektiv,,getrennt ,,odvojen / razdvojen,
Substantiv,das,Getriede,<-s; Getreide>,žito/žitarica,
Adjektiv,,gewaltig,,golem,
Substantiv,das,Gewehr,<-(e)s; -e>,puška,
Substantiv,das,Gewehrfeuer,<-s; Feuer>,rafal iz puške,
Substantiv,das,Gewicht,<-(e)s; -e>,težina/uteg/ugled,
Verb,,gewinnen,ich gewinne / ich gewann / ich habe gewonnen,pobijediti,
Verb,,gewinnen an,ich gewinne an / ich gewann an / ich habe an gewonnen,dobiti na/osvojiti na,
Substantiv,das,Gewissen,<-s; Gewissen>,savjest,
Substantiv,die,Gewohnheit,<Gewohnheit; -en>,navika,
,,gewöhnlich,,obično/uobičajeno,
Substantiv,das,Gewürz,<-es; -e>,začin,
Adjektiv,,gierig,,pohlepan/halapljiv/požudan,
Substantiv,der,Gipfel,<-s; Gipfel>,vrh/vrhunac,
Substantiv,die,Gitarre,<Gitarre; Gitarren>,gitara,
Adjektiv,,glänzend,,sjajan/blistav,
Substantiv,das,Glas,<-(e)s; Gläser>,staklo/čaša/leća/dalekozor,
Substantiv,der,Glaube,<-ns>,vjera,
Verb,,glauben,ich glaube / ich glaubte / ich habe geglaubt,vjerovati / misliti,
Substantiv,der,Gläubiger,<-s; Gläubiger>,vjernik,
,,gleich ,,jednak / isti / odmah / ravan,
Substantiv,das,Gleichgewicht,<-(e)s>,ravnoteža,
,,gleichwertig ,,jednako vrijedan,
Verb,,gleiten,ich gleite / ich glitt / ich bin geglitten,kliznuti,
Adjektiv,,gleitend ,,klizni / klizno,
Substantiv,die,Gleitzeit,<Gleitzeit; -en>,klizno radno vrijeme,
Substantiv,das,Glück,<-(e)s>,sreća,
Adjektiv,,glücklich,,sretan,
Substantiv,der,Gott,<-es; Götter>,Bog,
Substantiv,der,Grad,<-(e)s; -e>,stupanj,
Substantiv,das,Gras,<-(e)s; Gräser>,trava,
Verb,,gratulieren,ich gratuliere / ich gratulierte / ich habe gratuliert,čestitati,
Adjektiv,,grau,,siva,
Verb,,greifen,ich greife / ich griff / ich habe gegriffen,uhvatiti/zahvatiti,
Substantiv,der,Griff,<-(e)s; -e>,stisak/zahvat,
Verb,,grinsen,ich grinse / ich grinste / ich habe gegrinst,ceriti se/kesiti se,
Verb,,grollen,ich grolle / ich grollte / ich habe gegrollt,tutnjati,
Adjektiv,,groß,,velik,
Substantiv,die,Großeltern,<pl.>,baka i dida,
Substantiv,die,Großmutter,<Großmutter; Großmütter>,baka,
Substantiv,der,Großvater,<-s; Großväter>,djed,
Adjektiv,,grün,,zelena,
Substantiv,die,Grünanlage,<Grünanlage; -n>,travnjak / zelena površina,
Substantiv,der,Grund,<-(e)s; Gründe>,razlog,
Substantiv,die,Grundlage,<Grundlage; -n>,osnova/temelj,
,,grundsätzlich,,načelan,
Substantiv,die,Grundschule,<Grundschule; -n>,osnovna škola,
Substantiv,die,Gruppe,<Gruppe; -n>,skupina/grupa,
Substantiv,der,Gruß,,pozdrav,
Verb,,gucken,ich gucke / ich guckte / ich habe geguckt,pogledati/gledati,
Adjektiv,,günstig,,povoljno/zgodno,
Substantiv,die,Gurke,<Gurke; -n>,krastavac,
Adjektiv,,gut,,dobar,
Substantiv,der,Gutschein,<-(e)s; -e>,bon / kupon,
Substantiv,das,Gymnasium,<Gymnasiums; Gymnasien>,gimnazija,
Substantiv,die,Gymnastik,<Gymnastik; -en>,tjelovježba/gimnastika,
Substantiv,das,Haar,<-(e)s; -e>,kosa,
Substantiv,die,Haarbürste,<Haarbürste; -n>,četka za kosu,
Substantiv,das,Haarschampoo,,šampon za kosu,
Verb,,haben,ich habe / ich hatte / ich habe gehabt,imati,
Substantiv,der,Habicht,<-(e)s; -e>,jastreb,
Substantiv,der,Hafen,<-s; Häfen>,luka,
Substantiv,der,Haftbefehl,<-(e)s; -e>,nalog za hapšenje,
Substantiv,der,Hagel,<-s>,tuča,
Substantiv,der,Hahn,<-(e)s; Hähne>,pijetao/slavina,
Substantiv,der,Hai,<-(e)s; -e>,morski pas,
,,halb,,pola,
Substantiv,die,Halbinsel,<Halbinsel; -n>,poluotok,
Substantiv,der,Hals,<-es; Hälse>,vrat/grlo,
Substantiv,das,Halsband,<-(e)s; Halsbänder>,ovratnik,
Substantiv,die,Halskette,<Halskette; -n>,lančić/ogrlica,
Substantiv,die,Halsschmerzen,<pl.>,grlobolja,
Verb,,halten,ich halte / ich hielt / ich habe gehalten,držati/zaustaviti,
Verb,,halten für,ich halte für / ich hielt für / ich habe für gehalten,smatrati za/ držati za/ misliti da je,
Substantiv,die,Haltestelle,<Haltestelle; -n>,stanica/postaja/stajalište,
Verb,,hämmern,ich hämmere / ich hämmerte / ich habe gehämmert,tući/udarati,
Substantiv,die,Hand,<Hand; Hände>,ruka/šaka,
Substantiv,der,Handball,<-(e)s>,rukomet/rukometna lopta,
Substantiv,die,Handbewegung,<-; -en>,pokret rukom,
,,handeln ,,trgovati / postupati,
,der,Händler,<-s; Händler>,trgovac / prodavač,
,die,Händlerin,<Händlerin; -innen>,trgovkinja / prodavačica,
Substantiv,der,Handschuh,<-(e)s; -e>,rukavica,
Substantiv,das,Handtuch,<-(e)s; Handtücher>,ručnik za ruke,
Substantiv,das,Handwerk,<-(e)s; -e>,zanat / obrt,
Substantiv,das,Handy,<-s; -s>,mobitel,
Substantiv,der,Hang,<-(e)s; Hänge>,obronak/nagib/padina/sklonost,
Verb,,hängen,ich hänge / ich hing / ich habe gehangen,visiti,
Adjektiv,,hart,,tvrd/krut/težak/strog/ljut/oštar/žestok/sabilan,
Adjektiv,,hartnäckig,,tvrdoglav/uporan,
Substantiv,der,Hase,<-n; -n>,zec,
Substantiv,die,Haselnuss,<Haselnuss; Haselnüsse>,lješnjak,
Substantiv,der,Hass,<-es>,mržnja,
Verb,,hassen,,mrziti,
Adjektiv,,hässlich,,ružan,
Adjektiv,,hastig,,užurban,
Adverb,,häufig,,često,
Substantiv,das,Hauptgericht,,glavno jelo,
,,hauptsächlich ,,uglavnom,
Substantiv,die,Hauptstadt,<Hauptstadt; Hauptstädte>,glavni grad,
Substantiv,die,Hauptstraße,<Hauptstraße; -n>,glavna ulica,
,das,Haus,<-es; Häuser>,kuća,
Substantiv,die,Hausapotheke,<Hausapotheke; -n>,kućna ljekarna,
,die,Hausaufgabe,<Hausaufgabe; -n>,domaća zadaća,
Substantiv,die,Hausfrau,<Hausfrau; -en>,domaćica,
Substantiv,der,Hausschuh,<-(e)s; -e>,papuča,
Substantiv,die,Haut,<Haut; Häute>,koža/put/opna/košuljica/kožica,
Substantiv,das,Heft,<-(e)s; -e>,bilježnica,
Substantiv,das,Heftpflaster,<-s; Heftpflaster>,flaster,
Substantiv,der,Heilige,<-n; -n>,svetac,
Substantiv,die,Heilige Schrift,<Schrift; -en>,Sveto pismo,
Substantiv,der,Heimweg,<-(e)s; -e>,put kući,
Verb,,heiraten,ich heirate / ich heiratete / ich habe geheiratet,vjenčati se,
Adjektiv,,heiß,,vruć,
Verb,,heißen,ich heiße / ich hieß / ich habe geheißen,zvati (se),
Verb,,heizen,,grijati,
Substantiv,die,Heizung,<Heizung; -en>,grijanje,
Adjektiv,,hektisch,,uzbuđen,
Verb,,helfen,ich helfe / ich half / ich habe geholfen,pomoći,
,,helfen,,pomoći,
Adjektiv,,hell,,svijetao,
Substantiv,das,Hemd,<-(e)s; -en>,košulja,
Adverb,,heraus,,van,
Verb,,herausfinden,ich finde heraus / ich fand heraus / ich habe herausgefunden,iznaći/probrati,
Adjektiv,,herausfordernd ,,izazovan,
Substantiv,der,Herbst,<-(e)s; -e>,jesen,
Substantiv,der,Herd,<-(e)s; -e>,štednjak,
,,herein,,unutra,
Substantiv,der,Herr,<-en; -en>,gospodin,
Adjektiv,,herrlich,,izvrstan,
Varb,,herrschen ,,vladati,
Verb,,herstellen,,izraditi / proizvoditi / producirati,
Substantiv,der,Hersteller,<-s; Hersteller>,proizvođač / izrađivač,
Adverb,,herum,,okolo,
Verb,,herumstreifen,ich streife herum / ich streifte herum / ich bin herumgestreift,lutati okolo,
Verb,,herunterladen,ich lade herunter / ich lud herunter / ich habe heruntergeladen,skinuti/downloadati,
Adverb,,hervor,,van,
Verb,,hervorholen,ich hole hervor / ich holte hervor / ich habe hervorgeholt,izvući/izvaditi,
,,hervorragend,,odlično,
Verb,,hervorziehen,ich ziehe hervor / ich zog hervor / ich habe hervorgezogen,izvući/izvaditi(iz nečega),
Substantiv,das,Herz,<-ens; -en>,srce,
Adjektiv,,herzlich,,srdačan,
Substantiv,das,Heu,<-(e)s>,sijeno,
Verb,,heulen,ich heule / ich heulte / ich habe geheult,zavijati/tuliti/urlati/cmizdriti,
,,heute,,danas,
,,hier,,ovdje,
,,hierarchisch ,,hijerarhijski,
Adverb,,hierher,,ovamo,
Substantiv,die,Hilfe,<Hilfe; -n>,pomoć / asistencija,
Substantiv,der,Himmel,<-s; Himmel>,nebo,
Substantiv,der,Himmelskörper,<-s; Himmelskörper>,nebesko tijelo,
Adverb,,hinab,,prema dolje/ uzduž prema dolje,
Adverb,,hinauf,,prema gore/ uzduž prema gore,
Adverb,,hindurch,,kroz,
Verb,,hinschieben,ich schiebe hin / ich schob hin / ich habe hingeschoben,gurnuti / kliznuti nešto prema nekome,
,,hinten,,iza,
Präposition,,hinter,Dativ,iza,
Substantiv,der,Hintergrund,<-(e)s; Hintergründe>,pozadina,
Adverb,,hinunter,,niz,
Adverb,,hinweg,,dalje,
,,hinzu ,,uz to / k tomu,
Substantiv,der,Hirsch,<-(e)s; -e>,jelen,
Substantiv,das,Hobby,<-s; -s>,hobi,
,,hoch,,visok,
Verb,,hochreißen,ich reiße hoch / ich riss hoch / ich habe hochgerissen,podići trzajem,
Substantiv,die,Höchstgeschwindigkeit,<Geschwindigkeit; -en>,najveća dozvoljena brzina,
Verb,,hochziehen,ich ziehe hoch / ich zog hoch / ich habe hochgezogen,podići/zadići,
Substantiv,die,Hocke,<Hocke; Hocken>,čučanj,
Substantiv,der,Hof,<-(e)s; Höfe>,dvorište,
Verb,,hoffen,ich hoffe / ich hoffte / ich habe gehofft,nadati se,
,,hoffentlich,,nadajmo se / nadam se,
Substantiv,die,Hoffnung,<Hoffnung; -en>,nada,
Adjektiv,,höflich,,pristojan,
Verb,,holen,,donjeti,
Substantiv,das,Holz,<-es; Hölzer>,drvo / trupac,
Substantiv,der,Holzteil,<-(e)s; -e>,komad drveta,
Adjektiv,,holzvertäfelt,,obložen drvetom,
Substantiv,der,Honig,<-s>,med,
Substantiv,der,Hoodie,<-(e)s; -s>,hudica,
Verb,,hören,ich höre / ich hörte / ich habe gehört,slušati/čuti,
Substantiv,der,Hörsaal,<-(e)s; -säle>,predavaonica,
Substantiv,die,Hose,<Hose; -n>,hlače,
Substantiv,das,Hotel,<-s; -s>,hotel,
Adjektiv,,hübsch,,zgodan,
Substantiv,der,Hubschrauber,<-s; Hubschrauber>,helikopter,
Substantiv,die,Hüfte,<Hüfte; -n>,kuk/bok,
Substantiv,der,Hügel,<-s; Hügel>,brežuljak,
Substantiv,das,Huhn,<-(e)s; Hühner>,kokoš,
Substantiv,das,Hühnerfleisch,<-(e)s>,pileće meso,
Substantiv,die,Hühnersuppe,<Hühnersuppe; -n>,kokošja juha,
Substantiv,der,Hund,<-(e)s; -e>,pas,
,der,Hunger,<-s>,glad,
Adjektiv,,hungrig,,gladan,
Verb,,hupen,ich hupe / ich hupte / ich habe gehupt,trubiti,
Verb,,hüpfen,ich hüpfe / ich hüpfte / ich bin gehüpft,poskakivati,
Substantiv,der,Husten,<-s>,kašalj,
Substantiv,der,Hustensaft,-(e)s Hustensäfte,sirup za kašalj,
Substantiv,der,Hut,<-(e)s; Hüte>,šešir,
,,idealerweise ,,idealno,
Substantiv,die,Idee,<Idee; -n>,ideja,
Adjektiv,,illegal,,ilegalan,
,,im Durchschnitt,,u prosjeku,
,,immer,,uvijek,
Verb,,impfen,ich impfe / ich impfte / ich habe geimpft,cijepiti/vakcinirati,
Substantiv,der,Impfpass,<-es; Impfpässe>,potvrda o cijepljenju/cijepna knjižica,
Substantiv,die,Impfung,<Impfung; -en>,cijepljenje/vakcinacija,
Substantiv,der,Impfstoff,<-(e)s; -e>,cjepivo,
Präposition,,in,Dativ,u,
,,in Ordnung,,u redu,
,,inbegriffen ,,uračunat,
Substantiv,die,Industrie,<Industrie; -n>,industrija,
Substantiv,der,Industriezweig,<-(e)s; -e>,grana industrije,
Substantiv,die,Information,<Information; -en>,informacija,
Substantiv,der,Ingenieur,<-s; -e>,inženjer,
Substantiv,die,Injektion,<Injektion; -en>,injekcija,
Substantiv,die,Innenstadt,<Innenstadt; Innenstädte>,centar grada,
,,innerhalb,,unutar/u roku od,
Präposition,,innerhalb,Genitiv,unutar,
,,innovativ ,,inovativan,
,,Insbesondere ,,osobito / naročito,
Substantiv,die,Insel,<Insel; -n>,otok,
Substantiv,das,Institut,<-(e)s; -e>,institut/zavod,
Adjektiv,,interessant,,zanimljiv,
Substantiv,das,Internet,<-s; -s>,Internet,
,,inzwischen,,u međuvremenu,
,,irgendwelche ,,neki / ikakav (any),
Substantiv,die,Jacke,<Jacke; -n>,jakna,
Substantiv,das,Jahr,<-(e)s; -e>,godina,
Substantiv,die,Jahreszeit,<Jahreszeit; -en>,godišnje doba,
,,jährlich ,,godišnji,
Substantiv,der,Januar,<-(s); -e>,siječanj,
,,je,,po,
Pronomen,,jeder,,svatko,
,,jederzeit,,svagda/u svako doba/bilo kada,
,,jedoch,,još uvijek/međutim,
,,jemals,,ikada,
Pronomen,,jemand,,netko,
,,jemand,,netko,
,,jetzt,,sada,
,,jeweilig ,,dotično / odnosno / ovisno / specifično / za vrijeme pitanja,
Substantiv,der,Job,<Jobs; Jobs>,posao,
Verb,,joggen,ich jogge / ich joggte / ich bin gejoggt,džogirati,
Substantiv,der,Joghurt,<-(s); -(s)>,jogurt,
Substantiv,der,Journalist,<-en; -en>,novinar,
Substantiv,der,Juli,<-(s); -s>,srpanj,
Adjektiv,,jung,,mlad,
Substantiv,der,Junge,<-n; -n>,dječak,
Substantiv,die,Jugend,<Jugend>,mladost/mladež/omladina,
,,jüngst,,nedavno,
Substantiv,der,Juni,<-(s); -s>,lipanj,
Substantiv,der,Jurist,<-en; -en>,pravnik,
Substantiv,der,Kabeljau,"<-s; -s, -e>",bakalar,
Substantiv,die,Kabine,<Kabine; -n>,kabina,
Substantiv,der,Kadaver,<-s; ->,truplo/leš/crkotina,
Substantiv,der,Käfer,-s Käfer,buba,
Substantiv,der,Kaffee,<-s; -s>,kava,
Substantiv,das,Kalbfleisch,<-(e)s>,teletina,
Adjektiv,,kalt,,hladan,
Substantiv,die,Kälte,<Kälte>,hladnoća,
Substantiv,das,Kamel,<-(e)s; -e>,deva,
Substantiv,der,Kamm,<-(e)s; Kämme>,češalj,
Substantiv,der,Kandidat,<-en; -en> ,kandidat,
Substantiv,die,Kandidatin,<Kandidatin; -innen>,kandidatkinja,
Adjektiv,,kantig,,kockast,
Substantiv,der,Kapitän,<-s; -e>,kapetan,
Verb,,kappen,ich kappe / ich kappte / ich habe gekappt,prekinuti/odsjeći/odsjeći vrh,
Adjektiv,,kaputt,,pokvaren,
Substantiv,der,Kapuzenpulli,-,hudica/pulover s kapuljačom,
Substantiv,der,Karneval,<-s; -s>,karneval,
Substantiv,die,Karotte,<Karotte; -n>,mrkva,
Substantiv,die,Karte,<-; -n>,karta,
Substantiv,die,Kartei,<Kartei; Karteien>,zapis/karton/regisatar/predmet/kartica,
Substantiv,die,Karteikarte,<Karteikarte; -n>,kartica za učenje,
Substantiv,die,Kartoffel,<Kartoffel; -n>,krumpir,
Substantiv,der,Käse,<-s; Käse>,sir,
Substantiv,die,Kasse,<Kasse; -n>,blagajna,
Substantiv,der,Kassierer,<-s; Kassierer>,blagajnik,
Substantiv,die,Kassiererin,<Kassiererin; -innen>,blagajnica,
Substantiv,die,Katze,<Katze; -n>,mačka,
Verb,,kaufen,ich kaufe / ich kaufte / ich habe gekauft,kupiti,
Substantiv,das,Kaufhaus,<-es; Kaufhäuser>,robna kuća,
Adverb,,kaum,,tek/jedva,
Substantiv,die,Kehle,<Kehle; -n>,grlo,
,,kein,,nijedan,
,,keinmal,,nijednom,
Substantiv,der,Keks,<Keks(es); österr nur Keks; Keks(e)>,keks,
Substantiv,der,Keller,<-s; Keller>,podrum,
Substantiv,der,Kellner,<-s; Kellner>,konobar,
Substantiv,die,Kellnerin,<Kellnerin; -innen>,konobarica,
Verb,,kennen,ich kenne / ich kannte / ich habe gekannt,znati,
Verb,,kennenlernen,ich lerne kennen / ich lernte kennen / ich habe kennengelernt,upoznati,
Substantiv,die,Kenntnis,<Kenntnis; -se>,znanje,
Verb,,keuchen,ich keuche / ich keuchte / ich habe gekeucht,dahtati/ubrzano disati/jecati,
Substantiv,der,Kiefer,<-s; Kiefer>,vilica/čeljust,
Substantiv,die,Kiefer,<Kiefer; -n>,bor,
Substantiv,das,Kiefernharz,<-es; -e>,borova smola,
Substantiv,der,Kies,<-es; -e>,šljunak,
Substantiv,das,Kilo,<-s; Kilo>,kila,
Substantiv,das,Kilogramm,<-s; -e>,kilogram,
Substantiv,das,Kind,<-(e)s; -er> ,dijete,
Substantiv,der,Kindergarten,<-s; Kindergärten>,dječji vrtić,
Substantiv,das,Kinn,<-(e)s; -e>,brada,
Substantiv,das,Kino,<-s; -s>,kino,
Substantiv,der,Kiosk,<-(e)s; -e>,kiosk,
Verb,,kippen,ich kippe / ich kippte / ich habe gekippt,prevrnuti se/izgubiti ravnotežu/nagnuti se,
Substantiv,die,Kirche,<Kirche; -n>,crkva,
Substantiv,die,Kirsche,<Kirsche; -n>,višnja/trešnja,
Substantiv,der,Klang,<-(e)s; Klänge>,glas/zvuk,
Verb,,klappern,ich klappere / ich klapperte / ich habe geklappert,klepetati/zveckati,
Adjektiv,,klar,,jasan,
Substantiv,die,Klasse,<Klasse; -n>,razred/klasa,
Substantiv,das,Klassenzimmer,<-s; Zimmer>,učionica,
Verb,,klatschen,ich klatsche / ich klatschte / ich habe geklatscht,pljaskati/pljuskati,
Adjektiv,,klebrig,,ljepljiv,
Substantiv,das,Kleid,<-es; -er>,haljina,
Substantiv,das,Kleidungsstück,<-(e)s; -e>,odjevni predmet/komad odjeće,
Adjektiv,,klein,,mali,
Substantiv,das,Kleingeld,,sitan novac,
,,klettern,,puzati/popeti se,
Substantiv,das,Klima,<-s; -s>,klima / podneblje,
Substantiv,die,Klimaanlage,<Klimaanlage; -n>,klima uređaj,
,,klingeln,,zvoniti,
,,klingen,,zvoniti/zvučati,
Verb,,klopfen,ich klopfe / ich klopfte / ich habe geklopft,lupkati/potapšati,
Substantiv,die,Kloschüssel,<Schüssel; -n>,wc školjka,
Adjektiv,,klug,,pametan,
Verb,,knacken,ich knacke / ich knackte / ich habe geknackt,pucati/oljuštiti/obiti,
,,knapp,,taman,
Verb,,knarren,ich knarre / ich knarrte / ich habe geknarrt,škripnuti/škripati,
Substantiv,das,Knie,<-s; -(e)>,koljeno,
Verb,,knirschen,ich knirsche / ich knirschte / ich habe geknirscht,škrgutati,
Substantiv,der,Knoblauch,<-(e)s>,češnjak,
Substantiv,der,Knöchel,<-s; Knöchel>,gležanj,
Substantiv,der,Koch,<-(e)s; Köche>,kuhar,
Verb,,kochen,ich koche / ich kochte / ich habe gekocht,kuhati,
Substantiv,das,Koffein,<-s>,kofein,
Substantiv,der,Koffer,<-s; Koffer> ,kofer / kovčeg,
Substantiv,der,Kollege,<-n; -n>,kolega,
Substantiv,die,Kollegin,<Kollegin; -nen>,kolegica,
Substantiv,die,Kombination,<Kombination; -en>,kombinacija,
Adjektiv,,komisch,,čudan/smiješan,
Verb,,kommen,ich komme / ich kam / ich bin gekommen,doći,
Substantiv,die,Kommunion,,pričest,
,,komplett,,kompletan/potpun,
Substantiv,das,Kompliment,<-(e)s; -e>,kompliment,
Verb,,können,ich kann / ich konnte / ich habe gekonnt,moći,
Substantiv,die,Konsumation,<Konsumation; Konsumationen>,hrana i piće,
Substantiv,der,Kontinent,<-(e)s; -e>,kontinent,
Substantiv,die,Kontrolle,<Kontrolle; -n>,kontrola / provjera,
Verb,,kontrollieren,,kontrolirati/provjeriti,
Substantiv,das,Konzert,<-(e)s; -e>,koncert,
Substantiv,der,Kopf,<-(e)s; Köpfe>,glava,
Substantiv,der,Kopfhörer,-s Kopförer,slušalice,
Substantiv,das,Kopfkissen,<-s; Kopfkissen>,jastuk,
Substantiv,die,Kopfschmerzen,pl,glavobolja,
Substantiv,das,Kopfsteinpflaster,<-s; Kopfsteinpflaster>,kaldrma/makadam,
Substantiv,die,Kopie,<Kopie; -n>,kopija,
Substantiv,das,Korbball,<-(e)s; Korbbälle>,košarka,
Substantiv,der,Körper,<-s; Körper>,tijelo,
Verb,,korrigieren,ich korrigiere / ich korrigierte / ich habe korrigiert,popraviti/ispraviti,
Verb,,kosten,es kostet / es kostete / es hat gekostet,koštati,
Adjektiv,,köstlich,,divan/ukusan,
Substantiv,der,Kotflügel,<-s; Kotflügel>,blatobran,
Verb,,krachen,ich krache / ich krachte / ich habe gekracht,udariti/sudariti,
Substantiv,die,Kraft,<Kraft; Kräfte>,snaga,
Substantiv,die,Kraftfahrzeugwerkstatt,<Werkstatt; Werkstätten>,radionica za motorna vozila,
Adjektiv,,kräftig,,jak,
Substantiv,die,Krähe,<Krähe; -n>,vrana,
Substantiv,die,Kralle,<-; -n>,kandža,
Verb,,kramen,ich krame / ich kramte / ich habe gekramt,preturati/pretraživati/vrmpati/čeprkati,
Adjektiv,,krank,,bolestan,
Substantiv,das,Krankenhaus,<-es; Krankenhäuser>,bolnica,
Substantiv,die,Krankenschein,<-(e)s; -e>,uputnica,
Substantiv,die,Krankenschwester,<Krankenschwester; -n>,bolničarka,
Substantiv,der,Krankenurlaub,<-(e)s; -e>,bolovanje,
Substantiv,die,Krankheit,<Krankheit; -en>,bolest,
Verb,,kratzen,ich kratze / ich kratzte / ich habe gekratzt,ogrepsti/grebati,
Adjektiv,,kratzig,,hrapav/škrabav,
Substantiv,das,Kraut,<-(e)s; Kräuter>,kupus,
Substantiv,die,Krawatte,<Krawatte; -n>,kravata,
Substantiv,der,Krebs,<-es; -e>,rak,
Substantiv,die,Kreditkarte,Kreditkarte -n,kreditna kartica,
Substantiv,die,Kreide,<Kreide; -n>,kreda,
Substantiv,der,Kreis,<-es; -e>,krug,
Verb,,kreischen,ich kreische / ich kreischte / ich habe gekreischt,vrištati,
Verb,,kreisen,ich kreise / ich kreiste / ich habe gekreist,kružiti/kolati,
Substantiv,das,Kreuz,<-es; -e>,križ,
Substantiv,die,Kreuzung,<Kreuzung; -en>,raskrižje,
Verb,,kriechen,ich krieche / ich kroch / ich bin gekrochen,puzati/gmizati,
Verb,,kriegen,,dobiti,
Substantiv,das,Krokodil,<-s; -e>,krokodil,
Substantiv,der,Kronleuchter,<-s; Kronleuchter>,luster,
Substantiv,der,Krümel,<-s; Krümel>,mrvica,
Substantiv,die,Küche,<Küche; -n>,kuhinja,
Substantiv,der,Kuchen,<-s; Kuchen>,kolač,
Substantiv,die,Kuh,<Kuh; Kühe>,krava,
Substantiv,der,Kühlschrank,-(e)s Kühlschränke,hladnjak,
Substantiv,der,Kunde,<-n; -n>,mušterija / kupac,
Verb,,kündigen,ich kündige / ich kündigte / ich habe gekündigt,otkazati,
Substantiv,die,Kündigung,<Kündigung; -en>,otkaz,
Substantiv,die,Kunst,<Kunst; Künste>,umjetnost,
Substantiv,der,Künstler,<-s; Künstler>,umjetnik,
Substantiv,der,Kurs,<-es; -e>,tečaj/kurs,
Substantiv,das,Kursangebot,<-(e)s; -e>,ponuda za tečaj,
Substantiv,die,Kursliste,<Liste; -n>,tečajna lista,
Adjektiv,,kurz ,,kratak,
,,kurz darauf ,,ubrzo nakon toga,
Verb,,küssen,ich küsse / ich küsste / ich habe geküsst,poljubiti,
Substantiv,die,Küste,<Küste; -n>,obala,
Adjektiv,,kyrillisch,,ćirilični,
Substantiv,das,Labor,"<-s; -s, -e>",laboratorij,
Substantiv,die,Laboruntersuchung,<Laboruntersuchung; -en>,laboratorijska pretraga,
Substantiv,das,Lächeln,<-s>,osmjeh/smješak,
Verb,,lachen,ich lache / ich lachte / ich habe gelacht,smijati se,
Substantiv,der,Laden,<-s; Läden>,prodavaonica,
Substantiv,die,Ladung,<Ladung; -en>,teret / tovar / naboj / punjenje,
Substantiv,die,Lage,<Lage; -n>,položaj / pozicija / stanje / lokacija / sloj,
Substantiv,das,Lammfleisch,<-(e)s>,janjetina,
Substantiv,die,Lampe,<Lampe; -n>,svjetiljka,
Substantiv,das,Land,<-es; Länder>,država / zemlja,
Verb,,landen ,,prizemljiti / spustiti / pristati,
Substantiv,die,Landschaft,<Landschaft; -en>,krajolik/predio/pokrajina,
Substantiv,die,Landsleute,pl.,zemljaci / sunarodnjaci,
Substantiv,die,Landung,<Landung; -en>,slijetanje/prizemljenje/iskrcavanje,
Adjektiv,,lang ,,dugačak / dug / dugo,
Adverb,,langsam,,polako,
Adjektiv,,langweilig,,dosadan,
Verb,,lassen,ich lasse / ich ließ / ich habe gelassen,dati / pustiti / ostaviti,
Substantiv,der,Lastkraftwagen,<-s; Lastkraftwagen>,kamion,
Substantiv,der,Lastwagen,<-s; Lastwagen>,kamion/teretna kola,
Verb,,laufen,ich laufe / ich lief / ich bin gelaufen,hodati / trčati,
Adjektiv,,laufend ,,tekući,
Substantiv,die,Laune,<Laune; -n>,raspoloženje,
Verb,,lauschen,ich lausche / ich lauschte / ich habe gelauscht,prisluškivati,
Adjektiv,,laut,,glasan,
Verb,,leben,ich lebe / ich lebte / ich habe gelebt,živjeti,
Substantiv,das,Leben,<-s; Leben>,život,
Adjektiv,,lebend,,živ,
Substantiv,der,Lebenslauf,<-(e)s; Lebensläufe>,životopis,
Substantiv,die,Lebensmittel,<pl.>,namirnice,
,,lebenswerten ,,vrijedan življenja,
Substantiv,die,Leber,<Leber; -n>,jetra,
Adjektiv,,lecker,,ukusan,
Adjektiv,,leer,,prazan,
Verb,,legen,,staviti/položiti,
Verb,,lehnen,ich lehne / ich lehnte / ich habe gelehnt,nasloniti/prisloniti,
Substantiv,der,Lehrer,<-s; Lehrer>,učitelj,
Substantiv,die,Lehrerin,<Lehrer(in); -innen>,učiteljica,
Substantiv,die,Lehrstunde,Lehrstunde -n,lekcija,
Adjektiv,,leicht,,lak/lagan/tanak/blag,
,,leider,,nažalost,
Verb,,leihen,,pozajmiti / posuditi od,
Adjektiv,,leise,,tih,
,,leisten,,postići / ostvariti,
Substantiv,die,Leistung,<Leistung; -en>,učinak / uspjeh / snaga / dodaci,
Substantiv,der,Leiter,<-s; Leiter>,ravnatelj/rukovoditelj,
Substantiv,die,Leiter,<Leiter; -n>,ljestve,
Substantiv,die,Lektion,<Lektion; -en>,lekcija,
Substantiv,das,Lenkrad,<-es; -äder>,volan,
Verb,,lernen,ich lerne / ich lernte / ich habe gelernt,učiti,
Adjektiv,,lernfreudig ,,željan učenja,
Substantiv,der,Lernstoff,<-(e)s; -e>,gradivo za učenje,
Verb,,lesen,ich lese / ich las / ich habe gelesen,čitati,
,,letzte,,posljednji,
Adjektiv,,leuchtend,,svijetao,
Substantiv,die,Leute,<pl.>,ljudi,
Substantiv,das,Licht,<-(e)s; -er>,svjetlo,
Verb,,lieben,ich liebe / ich liebte / ich habe geliebt,voljeti,
Adjektiv,,liebenswerten ,,primamljiv / srdačan / ugodan,
,,lieber ,,radije,
Substantiv,das,Lied,<-(e)s; -er>,pjesma,
,der,Liefernachweis,<-es; -e>,dokaz o dostavi / dostavnica / PoD,
Verb,,liegen,ich liege / ich lag / ich habe gelegen,ležati,
Substantiv,der,Liegestuhl,<-(e)s; Liegestühle>,ležaljka,
Substantiv,der,Liegewagen,<-s; Liegewagen>,vagon za ležanje,
Substantiv,der,Likör,<-s; -e>,liker,
Substantiv,die,Limonade,<Limonade; -n>,limunada,
,,links,,lijevo,
Substantiv,die,Liste,<Liste; -n>,popis / lista,
Substantiv,der,Löffel,<-s; Löffel>,žlica,
Substantiv,das,Lokal,<-s; -e>,gostiona / restoran / lokal,
,,lösen ,,riješiti,
Substantiv,die,Lösung,<Lösung; -en>,rješenje / rezolucija / otopina / rastvor,
Substantiv,der,Löwe,<-n; -n>,lav,
Substantiv,die,Lücke,<Lücke; -n>,praznina,
Substantiv,die,Luft,<Luft; Lüfte>,zrak,
Substantiv,die,Lüge,<Lüge; -n>,laž,
Verb,,lügen,ich lüge / ich log / ich habe gelogen,lagati/slagati,
,,lügen,,lagati,
Substantiv,die,Lunge,<Lunge; -n>,pluća,
Substantiv,die,Lungenentzündung,<Lungenentzündung; -en>,upala pluća,
Substantiv,die,Lust,<Lust; Lüste>,želja / volja / pohlepa,
Adjektiv,,lüstern,,pohotan,
Adjektiv,,lustig,,veseo,
Verb,,machen,ich mache / ich machte / ich habe gemacht,raditi / praviti,
Substantiv,das,Mädchen,<-s; ->,djevojka,
Substantiv,der,Magen,<-s; Mägen>,želudac,
Adjektiv,,mager,,mršav/slab,
,der,Magistrat,<Magistrat(e)s; Magistrate>,gradski vijećnik (m),
,die,Magistratin,<Magistratin; Magistratinnen>,gradski vijećnik (ž),
,die,Magistratsabteilung,<Magistratsabteilung; -en>,odsjek za gradsku upravu,
Verb,,mähen,,kositi / pokositi,
Substantiv,der,Mai,<-(e)s>,svibanj,
Substantiv,das,Mal,<-s; -e>,put(puta),
Verb,,malen,ich male / ich malte / ich habe gemalt,slikati/oslikavati/krečiti,
Substantiv,der,Maler,<-s; Maler>,slikar,
Substantiv,das,Management,<-s; -s>,menadžment,
,,manchmal,,ponekad,
Substantiv,die,Mandel,<Mandel; -n>,badem,
,der,Mann,<-(e)s; Männer>,muškarac,
Substantiv,der,Mantel,<-s; Mäntel>,kaput,
Substantiv,das,Märchen,<-s; Märchen>,bajka/izmišljotina,
Substantiv,die,Margarine,<Margarine; -n>,margarin,
Substantiv,der,Marienkäfer,-s Marienkäfer,bubamara,
Verb,,markieren,ich markiere / ich markierte / ich habe markiert,markirati/obilježiti/ucrtati,
Substantiv,die,Markierung,<Markierung; -en>,oznaka,
Substantiv,der,Markt,<-(e)s; Märkte>,tržište / sajam,
Substantiv,die,Marktentwicklung,<Marktentwicklung; -en>,kretanje tržišta,
Substantiv,der,Marktplatz,<-es; Plätze>,tržnica,
Substantiv,die,Marmelade,<Marmelade; -n>,pekmez,
Substantiv,der,März,<-(e)s; -e>,ožujak,
Substantiv,die,Maschine,<Maschine; Maschinen>,stroj / mašina,
Substantiv,das,Maßband,Maßbänder,mjerna vrpca,
Substantiv,die,Masse,<Masse; -n>,masa / mnoštvo,
Substantiv,die,Matratze,<Matratze; -n>,madrac,
Substantiv,der,Matrose,<-n; -n>,mornar,
Substantiv,der,Maurer,<-s; Maurer>,zidar,
Substantiv,die,Maus,<Maus; Mäuse>,miš,
Substantiv,der,Mechaniker,<-s; Mechaniker>,mehaničar,
Substantiv,der,Medienbericht,<-(e)s; -e>,medijski izvještaj / medijsko obraćanje,
Substantiv,das,Medikament,<-(e)s; -e>,lijek,
Substantiv,das,Meer,<-es; -e>,more,
Substantiv,das,Mehl,<-(e)s; -e>,brašno,
,,mehr,,više,
Adjektiv,,mehrjährig ,,višegodišnji,
Substantiv,die,Mehrleistung,<Mehrleistung; -en>,dodatak na plaću / bonus / povišica,
Verb,,meinen,ich meine / ich meinte / ich habe gemeint,misliti,
,,meinen ,,misliti / smatrati,
Substantiv,die,Meinung,<Meinung; -en>,mišljenje,
,,meiste ,,većina,
,,meistens,,najčešće,
Verb,,melden,ich melde / ich meldete / ich habe gemeldet,javiti/prijaviti,
,,melden,,obavijestiti,
Substantiv,die,Melodie,<Melodie; -n>,melodija,
Substantiv,die,Melone,<Melone; -n>,dinja,
Substantiv,der,Mensch,<Menschen; Menschen>,čovjek,
Substantiv,die,Mentalität,<Mentalität; Mentalitäten>,mentalitet / način razmišljanja,
Verb,,merken,ich merke / ich merkte / ich habe gemerkt,zapamtiti/upamtiti/opaziti/uočiti,
Substantiv,die,Messe,<Messe; -n>,sajam / misa / liturgija,
Verb,,messen,ich messe / ich maß / ich habe gemessen,mjeriti/izmjeriti,
Substantiv,das,Messer,<-s; Messer>,nož,
Substantiv,das,Metal,<-s; -e>,metal,
Substantiv,der,Metallschrank,<-s; -schränke>,metalni ormarić,
Verb,,mieten,ich miete / ich mietete / ich habe gemietet,iznajmiti,
Substantiv,der,Mieter,<-s; Mieter>,stanar,
Substantiv,die,Mieterin,<Mieterin; -innen>,stanarka,
Substantiv,das,Mikrofon,-s -e,mikrofon,
Substantiv,die,Milch,<Milch>,mlijeko,
Substantiv,die,Million,<Million; -en>,milijun,
Substantiv,das,Mindestgehalt,<-(e)s; Mindestehälter>,početna plaća,
Substantiv,das,Mineralwasser,<-s; Mineralwässer>,mineralna voda,
Substantiv,die,Minute,<Minute; -n>,minuta,
Substantiv,die,Mission,<Mission; -en>,misija,
Präposition,,mit,Dativ,s / sa,
Substantiv,der,Mitarbeiter,<-s; Mitarbeiter>,suradnik / kolega s posla,
Substantiv,die,Mitarbeiterin,<Mitarbeiterin; -innen>,suradnica / kolegica s posla,
Substantiv,der,Mitbewohner,<-s; Bewohner>,cimer,
Substantiv,die,Mitbewohnerin,<Bewohnerin; -innen>,cimerica,
Verb,,mitfahren,,povesti se s nekim,
Substantiv,das,Mitglied,<-(e)s; -er>,član,
Verb,,mitkommen,,doći s nekim,
Verb,,mitmachen,ich mache mit / ich machte mit / ich habe mitgemacht,sudjelovati,
Verb,,mitnehmen,ich nehme mit / ich nahm mit / ich habe mitgenommen,uzeti sa sobom,
Substantiv,der,Mittag,<-(e)s; -e>,podne,
Substantiv,das,Mittagessen,<-s; Mittagessen>,ručak,
Substantiv,die,Mitte,<Mitte; -n>,sredina/središte,
Substantiv,das,Mitteleuropa,<-s>,Srednja Europa,
Adjektiv,,mitteleuropäisch ,,srednjoeuropski,
Substantiv,die,Mittelmeerinsel,<Mittelmeerinsel; -n> ,mediteranski otok,
Substantiv,der,Mittelpunkt,<-(e)s; -e>,središte / srž,
Substantiv,die,Mittelschule,<Mittelschule; -n>,srednja škola,
,,mittlerweile ,,u međuvremenu,
Substantiv,der,Mittwoch,<-(e)s; -e>,srijeda,
Substantiv,die,Möbel,pl.,namještaj,
Adjektiv,,mobil ,,mobilan / pokretan,
Verb,,möchten,,željeti,
Substantiv,das,Modell,<-s; -e>,model / uzorak,
Substantiv,der,Moder,<-s; ->,plijesan,
Adjektiv,,modern,,moderno,
Verb,,mögen,ich mag / ich mochte / ich habe gemocht,sviđati,
Adjektiv,,möglich ,,moguć,
Substantiv,die,Möglichkeit,<Möglichkeit; -en>,mogućnost,
Substantiv,die,Möhre,<Möhre; -n>,mrkva,
Substantiv,der,Moment,<-(e)s; -e>,trenutak/moment,
Substantiv,der,Monat,<-(e)s; -e>,mjesec(kalendarski),
,,monatlich ,,mjesečno,
Substantiv,der,Mond,<-(e)s; -e>,mjesec(astronomski),
Substantiv,der,Mondschein,<-(e)s>,mjesečina,
,der,Monitor,-s -e,monitor,
Substantiv,der,Montag,<-(e)s; -e>,ponedjeljak,
Substantiv,das,Moos,<-es; -e>,mahovina,
Substantiv,der,Morgen,<-s; Morgen>,jutro,
,,morgen,,sutra,
Substantiv,der,Motor,<-s; -en>,motor,
Substantiv,das,Motorrad,<-(e)s; Motorräder>,motocikl,
Substantiv,die,Möwe,Möwe -n,galeb,
Substantiv,die,Mücke,Mücke -n,komarac,
Adjektiv,,müde,,umoran,
Substantiv,das,Mullpäckchen,<-s; Päckchen>,paketić gaze,
Substantiv,der,Mund,<-es; -münder>,usta,
Substantiv,die,Münze,<Münze; -n>,kovanica,
Verb,,murmeln,ich murmle / ich murmelte / ich habe gemurmelt,mrmljati,
Substantiv,die,Musik,<Musik; -en>,glazba,
Substantiv,der,Musiker,<-s; Musiker>,glazbenik,
Substantiv,das,Musikinstrument,<-(e)s; -e>,glazbeni instrument,
Substantiv,der,Muskel,<-s; -n>,mišić,
Verb,,müssen,ich muss / ich musste / ich habe gemusst,morati,
Substantiv,das,Muster,<-s; Muster>,uzorak,
Verb,,mustern,ich mustere / ich musterte / ich habe gemustert,odmjeriti nekoga/preći pogledom/šacovati,
Substantiv,der,Mut,<-(e)s>,hrabrost / odvažnost,
Adjektiv,,mutig,,hrabar,
Adjektiv,,mutmaßlich ,,moguć / potencijalnan / vjerojatan,
Substantiv,die,Mutter,<Mutter; Mütter>,majka,
Präposition,,nach,Dativ,nakon / u (zemlje/gradove),
Substantiv,der,Nachbar,<-n; -n>,susjed,
Substantiv,die,Nachbarin,<Nachbarin; -innen>,susjeda,
Substantiv,das,Nachbarland,<-es; Nachbarländer>,susjedna država,
Verb,,nachdenken,ich denke nach / ich dachte nach / ich habe nachgedacht,razmisliti,
Verb,,nachgeben,ich gebe nach / ich gab nach / ich habe nachgegeben,dodatno dati/popustiti/urušiti se,
Adjektiv,,nachhaltig ,,trajan / postojan,
,,nachher,,nakon toga,
Substantiv,der,Nachmittag,<-(e)s; -e>,popodne,
Substantiv,die,Nachricht,<Nachricht; -en>,vijest/obavijest,
,,nachschauen ,,otpratiti pogledom / pregledati,
Verb,,nachsehen,ich sehe nach / ich sah nach / ich habe nachgesehen,pogledati/gledati kroz prste/otpratiti pogledom,
,,nächst,,sljedeći,
,die,Nacht,- / Nächte,noć,
Substantiv,das,Nachthemd,<-(e)s; -en>,spavaćica,
,der,Nachtisch,<-(e)s; -e>,desert,
,der,Nachweis,<-es; -e>,dokaz,
Adjektiv,,nadelig,,igličast/bodljikav,
Substantiv,die,Nähe,<Nähe>,blizna/bliskost,
Verb,,nahen,ich nahe / ich nahte / ich bin genaht,približavati,
Verb,,näherkommen,ich komme näher / ich kam näher / ich bin nähergekommen,dođi blizu/ približiti se,
Substantiv,die,Nahrung,<Nahrung>,hrana,
Substantiv,das,Nahrungsmittel,<-s; Nahrungsmittel>,prehrambena namirnica,
Substantiv,der,Name,-ns -n,ime,
,,nämlich,,naime,
,,nämlich,,naime,
Substantiv,die,Nase,<Nase; -n>,nos,
Substantiv,die,Nasentropfen,pl,kapi za nos,
Adjektiv,,nass,,mokar/vlažan,
,die,Nationalität,Nationalität -en,nacionalnost,
,,natürlich,,naravno,
Substantiv,der,Nebel,<-s; Nebel>,magla,
,,neben,,pored,
Substantiv,die,Nebenstraße,<Nebenstraße; -n>,sporedna ulica,
Adjektiv,,neblig,,maglovit,
Substantiv,der,Neffe,<-n; -n>,nećak,
Verb,,nehmen,ich nehme / ich nahm / ich habe genommen,uzeti / zauzeti,
,,nein,,ne,
Verb,,nennen,ich nenne / ich nannte / ich habe genannt,imenovati/nazvati,
Substantiv,die,Nervosität,<Nervosität>,nervoza,
Adjektiv,,nett ,,prijatan/dobar/lijep,
Adjektiv,,neu,,nov,
Adverb,,neulich,,nedavno,
Substantiv,die,Nichte,<Nichte; -n>,nećakinja,
Pronomen,,nichts,,ništa,
Substantiv,das,Nichtstun,-,nerad/prazan hod,
Verb,,nicken,ich nicke / ich nickte / ich habe genickt,kimnuti,
,,nie,,nikada,
Substantiv,die,Niederschläge ,<pl.>,oborine,
Adjektiv,,niedrig,,nizak/slab/loš/blag,
Pronomen,,niemand,,nitko,
Adverb,,nirgends,,nigdje,
Substantiv,das,Niveau,<-s; -s>,nivo/razina/stupanj,
,,noch,,još,
Substantiv,der,Norden,-s,sjever,
Substantiv,die,Note,<Note; -n>,nota,
Verb,,notieren,ich notiere / ich notierte / ich habe notiert,zabilježiti/zapisati,
,,nötig,,potreban/nužan,
Substantiv,der,November,<-s; November>,studeni,
,die,Nummer,<Nummer; -n>,broj / veličina,
Substantiv,das,Nummernschild,<-(e)s; -er>,registarske tablice,
,,nur,,samo,
Verb,,nutzen,ich nutze / ich nutzte / ich habe genutzt,koristiti,
Substantiv,der,Nutzen,<-s>,korist / dobit / dobrobit,
Adjektiv,,nützlich,,korisno,
Adjektiv,,nutzlos,,beskoristan,
Substantiv,die,Nutzung,<Nutzung; -en>,korištenje,
Adverb,,oben,,gore,
Substantiv,die,Oberfläche,<Oberfläche; -n>,površina,
Substantiv,das,Obst,<-(e)s>,voće,
Substantiv,der,Obstgarten,<-s; Obstgärten>,voćnjak,
Substantiv,der,Obstsalat,<-(e)s; -e>,voćna salata,
,,obwohl,,iako,
Substantiv,der,Octopus,,hobotnica,
,,oder ,,ili,
Substantiv,der,Ofen,-s Öfen,pećnica,
,,offenbar ,,očito / očigledno,
,,öffentlich,,javno,
,,öffentlichkeitsrelevant ,,od javnog značaja,
Verb,,öffnen,ich öffne / ich öffnete / ich habe geöffnet,otvoriti,
,,oft,,često,
Präposition,,ohne,Akkusativ,bez,
Substantiv,die,Ohnmacht,<Ohnmacht; -en>,nesvijestica,
Substantiv,das,Ohr,<-(e)s; -en>,uho,
Substantiv,der,Ohrring,<-(e)s; -e>,naušnica,
Substantiv,der,Oktober,<-(s); Oktober>,listopad,
Substantiv,das,Öl,<-(e)s; -e>,ulje/nafta,
Adjektiv,,olivgrün,,maslinasto zelen,
,der,Onkel,<-s; Onkel>,stric,
Substantiv,das,Onlineformular,<-(e)s; -e>,online forma,
Substantiv,die,Oper,<Oper; -n>,opera,
Substantiv,die,Orange,<Orange; -n>,naranča,
Adjektiv,,orange,,narančasta,
Substantiv,die,Ordnung,<Ordnung; -en>,red/poredak/uređenje,
,,orientiert ,,orijentiran,
Substantiv,die,Orientierungspunkt,<-(e)s; -e>,checkpoint/ referentna točka/ ciljana točka,
,der,Ort,<-(e)s; -e>,mjesto,
Substantiv,der,Osten,<-s>,istok,
Substantiv,das,Paar,<-(e)s; -e>,par/nekoliko,
Verb,,packen,,spakovati,
Substantiv,die,Packung,<Packung; -en>,kutija / pakovanje,
Substantiv,das,Paket,<-(e)s; -e>,paket,
Substantiv,die,Panik,<Panik; -en>,panika,
Substantiv,das,Papier,<-s; -e>,papir,
Substantiv,der,Paprika,"<-s; Paprika, -s>",paprika,
Substantiv,der,Parameter,<Parameters; Parameter>,parametar,
Substantiv,der,Park,<-s; -s>,park,
Verb,,parken,ich parke / ich parkte / ich habe geparkt,parkirati,
Substantiv,die,Party,"<Party; -s, -ties>",zabava,
Substantiv,der,Passagier,<-s; -e>,putnik,
Substantiv,das,Passagierschiff,<-(e)s; -e>,putnički brod,
Verb,,passen,,pasati / odgovarati / pristajati,
Verb,,passieren,Es passiert / es passierte / es ist passiert,dogoditi (se),
Substantiv,der,Patient,<-en; -en>,pacijent,
Substantiv,die,Pause,<Pause; -n>,pauza,
Verb,,peitschen,ich peitsche / ich peitschte / ich habe gepeitscht,bičevati,
Substantiv,die,Pension,<Pension; -en>,smještaj,
Substantiv,der,Perimeter,<-s; ->,perimetar,
Substantiv,die,Person,<Person; -en>,osoba / lice,
Substantiv,der,Personalausweis,<-es; -e>,osobna iskaznica,
Substantiv,der,Personalchef,<-s; -s>,šef osoblja,
Substantiv,die,Personalchefin,<Chefin; -nen>,šefica osoblja,
,,persönlich,,osobno,
Substantiv,die,Persönlichkeit,<Persönlichkeit; -en>,ličnost / osobnost,
Substantiv,das,Persönlichkeitsmerkmal,<-(e)s; -e>,obilježje osobnosti,
Substantiv,die,Petroleumlampe,<-; -n>,petrolejka,
Substantiv,der,Pfad,<-(e)s; -e>,staza,
Substantiv,der,Pfau,-s .en,paun,
Substantiv,der,Pfeffer,<-s>,papar,
Substantiv,das,Pferd,<-(e)s; -e>,konj,
Substantiv,der,Pfirsich,<-s; -e>,breskva,
Substantiv,die,Pflanze,<Pflanze; -n>,biljka,
,,pflegen,,njegovati / gajiti / održavati,
Substantiv,die,Phase,<Phase; Phasen>,faza / etapa,
Substantiv,der,Pilz,<-es; -e>,gljiva,
Substantiv,die,Piste,<Piste; -n>,pista,
Substantiv,der,Plan,<-(e)s; Pläne>,plan / nacrt / namjera / raspored,
Substantiv,die,Plane,<Plane; -n>,cerada/platno,
Verb,,planen,ich plane / ich plante / ich habe geplant,planirati,
Substantiv,das,Planendach,<-s; -dächer>,ceradni krov/cerada,
Substantiv,der,Planet,<-en; -en>,planet,
Substantiv,die,Planung,<Planung; -en>,planiranje,
Substantiv,der,Platz,<-es; Plätze>,mjesto / trg,
Adverb,,plötzlich,,iznenada/odjednom,
Verb,,pochen,ich poche / ich pochte / ich habe gepocht,kucati/tući/pulsirati,
Substantiv,der,Polier,<-s; -e>,poslovođa,
Substantiv,die,Polierin,<Polierin; -innen>,poslovotkinja,
Substantiv,die,Polizei,<Polizei>,policija,
Substantiv,der,Portier,<-s; -s>,portir,
Substantiv,die,Portion,<Portion; -en>,porcija,
Substantiv,die,Position,<Position; Positionen>,pozicija,
Substantiv,die,Post,<Post®>,Pošta®,
Substantiv,das,Postamt,<-(e)s; Postämter>,poštanski ured,
Substantiv,die,Postleitzahl,<Postleitzahl; -en>,poštanski broj,
Verb,,prägen ,,stvoriti / kovati,
Substantiv,das,Praktikum,<Praktikums; Praktika>,praksa / praktična nastava,
Verb,,prallen,ich pralle / ich prallte / ich bin geprallt,udariti,
Substantiv,die,Praxis,<Praxis; -xen>,praksa/ambulanta opće prakse,
,der,Preis,<-es; -e>,cijena / nagrada,
Substantiv,die,Preisliste,<Preisliste; -n>,cjenik,
Substantiv,die,Prellung,<Prellung; Prellungen>,modrica/kontuzija/podljev,
Verb,,pressen,ich presse / ich presste / ich habe gepresst,pritisnuti/cijediti/stisnuti/tješiti,
Substantiv,der,Priester,<-s; Priester>,svećenik,
,,prima,,odlično,
,,privat,,privatan,
Substantiv,die,Privatleute,pl.,privatni pojedinci/po kućama/privatno,
Substantiv,das,Problem,<-s; -e>,problem,
Substantiv,das,Produkt,<-(e)s; -e>,proizvod / produkt / umnožak,
Substantiv,das,Profil,<-(e)s; -e>,profil,
Substantiv,die,Programmiersprache,<Programmiersprache; -n>,programski jezik,
Substantiv,das,Projekt,<-(e)s; -e>,projekt,
Substantiv,der,Projektbericht,<-(e)s; -e>,projektno izvješće,
Substantiv,die,Projektplanung,<Projektplanung; -en>,projektno planiranje,
Substantiv,der,Prospekt,<-(e)s; -e>,prospekt / brošura,
Substantiv,die,Provinz,<Provinz; -en>,provincija/pokrajina,
Substantiv,der,Prozess,<-es; -e>,proces / parnica,
Verb,,prüfen,ich prüfe / ich prüfte / ich habe geprüft,dokazati,
Substantiv,die,Prüfung,<Prüfung; -en>,ispit,
Substantiv,der,Pullover,<-s; Pullover>,džemper,
Substantiv,der,Punkt,<-(e)s; -e>,točka / mjesto okupljnanja,
,,pünktlich,,točan/precizan,
Substantiv,die,Puppe,<Puppe; -n>,lutka,
Verb,,purzeln,ich purzle / ich purzelte / ich bin gepurzelt,izletjeti,
Verb,,putzen,ich putze / ich putzte / ich habe geputzt,čistiti,
Substantiv,der,Quadratmeter,<-s; Quadratmeter>,kvadratni metar,
Substantiv,die,Qualifikation,<Qualifikation; -en>,kvalifikacija / osposobljenje,
Substantiv,die,Qualität,<Qualität; -en>,kvaliteta / kakvoća,
Substantiv,die,Quarantäne,Quarantäne -n,karantena,
Substantiv,der,Quatsch,<-es>,koještarija/baljezgarija,
Adverb,,quer,,poprečan/poprijeko,
Verb,,quietschen,ich quietsche / ich quietschte / ich habe gequietscht,škripati/cičati/ciktati,
Verb,,radeln,,biciklirati / ići biciklom,
Substantiv,der,Radsport,<-(e)s>,biciklizam,
Substantiv,der,Rand,<-(e)s; Ränder>,rub/ivica/okrajak,
Substantiv,der,Ranger,<-s; ->,rendžer,
Verb,,rascheln,ich raschle / ich raschelte / ich habe geraschelt,šuškati/šuštati,
Substantiv,der,Rasen,<-s; Rasen>,travnjak / ledina,
Adjektiv,,rash ,,brzo / hitro / brz / hitar,
Substantiv,der,Rasierapparat,<-(e)s; -e>,aparat za brijanje,
Substantiv,die,Rasiercreme,<Rasiercreme; -s>,krema za brijanje,
,,raten,,savjetovati,
Substantiv,der,Ratschlag,<-(e)s; Ratschläge>,savjet,
Verb,,rattern,ich rattere / ich ratterte / ich habe gerattert,drndati,
Adjektiv,,rau,,hrapav,
Substantiv,der,Rauch,<-(e)s>,dim,
Verb,,rauchen,,pušiti,
Substantiv,das,Rauchfleisch,<-(e)s>,dimljeno meso,
Verb,,räumen ,,napustiti / deložirati / odstraniti,
Substantiv,das,Rauschen,<-s; ->,šum,
Verb,,rauschen,ich rausche / ich rauschte / ich habe gerauscht,žuboriti/šumiti/romoriti/šuškati,
Substantiv,die,Reaktion,<Reaktion; -en>,reakcija,
Verb,,rechnen,,računati,
Substantiv,die,Rechnung,<Rechnung; -en>,račun,
,,recht haben,,imati pravo/biti u pravu,
,,rechts,,desno,
Substantiv,der,Rechtsanwalt,<-(e)s; Rechtsanwälte>,odvjetnik,
Verb,,recken,ich recke / ich reckte / ich habe gereckt,ispružiti,
Verb,,reden,ich rede / ich redete / ich habe geredet,pričati,
Substantiv,das,Regal,<-s; -e>,polica,
Substantiv,die,Regel,<Regel; -n>,pravilo/propis,
,,regelmäßig,,redovno/redovito/pravilno/uobičajeno,
Substantiv,der,Regen,<-s; Regen>,kiša,
Substantiv,der,Regentropfen,<-s; Regentropfen>,kišna kap,
Substantiv,die,Region,<Regionen>,regija / kraj / okrug / okružje područje,
Verb,,regnen,,kišiti,
Adjektiv,,regnerisch,,kišovit,
Substantiv,das,Reh,<-(e)s; -e>,srna,
Adjektiv,,reibungslos ,,bez zapreke,
Adjektiv,,reich,,bogat,
Verb,,reichen,ich reiche / ich reichte / ich habe gereicht,pružiti/dati/doprijeti/sezati/biti dovoljan/dostajati,
Substantiv,der,Reifen,<-s; ->,guma,
Substantiv,die,Reinigung,<Reinigung; -en>,čišćenje,
Substantiv,der,Reis,<-es>,riža,
Substantiv,die,Reise,<Reise; -n>,putovanje/put,
Substantiv,das,Reisebüro,<-s; -s>,putnička agencija,
Verb,,reisen,,putovati,
Substantiv,das,Reiseziel,<-(e)s; -e>,cilj putovanja,
Verb,,reißen,ich reiße / ich riss / ich habe gerissen,trznuti/trgnuti/istrgnuti,
Substantiv,der,Reißverschluss,<-es; Reißverschlüsse>,rajfešlus/patent,
Substantiv,die,Religion,<Religion; -en>,religija,
Verb,,rennen ,,trčati,
Substantiv,das,Reserverad,<-(e)s; Reserveräder>,rezervni kotač,
Substantiv,die,Reservierung,<Reservierung; Reservierungen>,rezervacija,
Verb,,respektieren,,poštovati / respektirati,
Substantiv,der,Rest,<-(e)s; -e>,ostatak,
Substantiv,das,Restaurant,<-s; -s>,restoran,
Verb,,retten,ich rette / ich rettete / ich habe gerettet,spasiti,
Substantiv,der,Rettungsdienst,<-(e)s; -e>,služba hitne pomoći,
Substantiv,der,Rettungswagen,<-s; Rettungswagen>,kola hitne pomoći,
Substantiv,das,Rezept,<-(e)s; -e>,recept,
Substantiv,die,Rezeption,<Rezeption; -en>,recepcija,
Substantiv,der,Richter,<-s; Richter>,sudac,
Adverb,,richtig ,,točno,
Substantiv,die,Richtung,<Richtung; -en>,pravac/smjer,
Verb,,riechen,ich rieche / ich roch / ich habe gerochen,mirisati/vonjati,
Substantiv,das,Rindfleisch,<-(e)s>,govedina,
Substantiv,der,Ring,<-(e)s; -e>,prsten,
Verb,,rinnen,ich rinne / ich rann / ich bin geronnen,curiti/teći/proći,
Substantiv,das,Rinnsal,<Rinnsal(e)s; Rinnsale>,potočić/rječica/mlaz,
Substantiv,die,Rippe,<Rippe; -n>,rebro,
,das,Risiko,<-s; -ken>,rizik,
Substantiv,der,Rock,<-(e)s; Röcke>,suknja,
Substantiv,die,Rolle,<Rolle; -n>,uloga/kolut/svitak,
Adjektiv,,rosa,,ružičasta,
Adjektiv,,rosig,,rumen,
Adjektiv,,rot,,crvena,
Substantiv,die,rote Bete,<Bete; Beten>,cikla,
Substantiv,der,Rotwein,<-(e)s; -e>,crno vino,
Substantiv,die,Routine,<Routine>,rutina,
Substantiv,der,Ruck,<-(e)s; -e>,trzaj/zamah,
Verb,,ruckeln,ich ruckle / ich ruckelte / ich habe geruckelt,trzati,
Substantiv,der,Rücken,<-s; Rücken>,leđa,
Substantiv,die,Rückenschmerzen,<pl.>,bol u leđima,
Substantiv,die,Rückfahrkarte,<Rückfahrkarte; -n>,povratna karta,
Substantiv,die,Rückmeldung,<Meldung; -en>,odgovor / feedback / response,
Substantiv,der,Rucksack,<-(e)s; Rucksäcke>,ruksak/naprtnjača,
Substantiv,die,Ruhe,<Ruhe>,mir/tišina,
Verb,,ruhen,ich ruhe / ich ruhte / ich habe geruht,odmarati/počivati,
Adjektiv,,ruhig,,miran,
Substantiv,der,Ruhm,<-(e)s>,slava,
Adjektiv,,rund ,,okrugao / oblo / oko / otprilike,
Verb,,rutschen,ich rutsche / ich rutschte / ich bin gerutscht,okliznuti / lizati / puzati,
Substantiv,der,Sachbearbeiter,<-s; Sachbearbeiter>,stručni radnik / referent,
Substantiv,die,Sachbearbeiterin,<Sachbearbeiterin; -innen>,stručna radnica / referentica,
Substantiv,die,Sache,<Sache; -n>,stvar/posao,
Substantiv,der,Saft,<-(e)s; Säfte>,sok,
Adjektiv,,saftig,,sočan,
Substantiv,die,Säge,Säge -n,pila,
Verb,,sagen,ich sage / ich sagte / ich habe gesagt,reći,
Substantiv,die,Saison,<Saison; -s>,sezona,
Substantiv,das,Sakko,<-s; -s>,jakna,
Substantiv,der,Salat,<-(e)s; -e>,salata,
Substantiv,die,Salbe,<Salbe; -n>,krema/mast/pomast,
Substantiv,das,Salz,<-es; -e>,sol,
Adjektiv,,salzig,,slan,
Verb,,sammeln,ich sammle / ich sammelte / ich habe gesammelt,steći/skupiti/sabrati,
Substantiv,der,Samstag,<-(e)s; -e>,subota,
Substantiv,der,Sänger,<-s; Sänger>,pjevač,
Substantiv,die,Sängerin,<Sängerin; -innen>,pjevačica,
Adjektiv,,satt,,sit,
Adjektiv,,sauber ,,čist,
Verb,,sauber machen,,očistiti,
Adjektiv,,sauer,,kiseo,
Substantiv,die,Sauerkirsche,<Sauerkirsche; -n>,višnja,
Verb,,schaben,ich schabe / ich schabte / ich habe geschabt,strugati/grepsti,
Substantiv,das,Schaf,<-(e)s; -e>,ovca,
Verb,,schaffen,ich schaffe / ich schaffte / ich habe geschafft,stvoriti/uspostaviti,
Substantiv,der,Schaffner,<-s; Schaffner>,kondukter,
Verb,,schalten,ich schalte / ich schaltete / ich habe geschaltet,mijenjati,
Substantiv,der,Schalter,<-s; Schalter>,šalter / prekidač,
Substantiv,die,Scham,<Scham>,sram,
Adjektiv,,scharf,,ljut/oštar,
Substantiv,die,Schärfe,<Schärfe; -n>,oštrina/žestina,
Substantiv,der,Schatten,<-s; ->,sjena,
Substantiv,der,Schatz,<-es; Schätze>,blago,
Verb,,schätzen ,,cijeniti / poštovati / ocijeniti / procijeniti,
Verb,,schauen,,gledati,
Substantiv,der,Schauer,<-s; Schauer>,pljusak,
Substantiv,das,Schaufenster,<-s; Schaufenster>,izlog,
Substantiv,der,Schauspieler,<-s; Schauspieler>,glumac,
Substantiv,die,Schauspielerin,<Schauspielerin; -innen>,glumica,
Substantiv,der,Scheck,<-s; -s>,bankovni ček,
Substantiv,die,Scheibe,<Scheibe; -n>,staklo/šajba/kolut/kriška,
Substantiv,der,Schein,<-(e)s; -e>,novčanica/potvrda/svjetlost/sjaj,
Substantiv,der,Scheinwerfer,<-s; Scheinwerfer>,reflektor/far/glavno svjetlo,
Verb,,schenken,ich schenke / ich schenkte / ich habe geschenkt,pokloniti /darivati,
Substantiv,der,Scherz,<-es; -e>,šala,
Verb,,schicken,ich schicke / ich schickte / ich habe geschickt,slati,
Adjektiv,,schief,,nakošen,
Substantiv,das,Schienbein,<-(e)s; -e>,cjevanica/potkoljenica,
Substantiv,das,Schiff,<-(e)s; -e>,brod/lađa,
Substantiv,die,Schildkröte,<Schildkröte; -n>,kornjača,
Substantiv,der,Schinken,<-s; Schinken>,šunka,
Substantiv,der,Schlafanzug,<-(e)s; Schlafanzüge>,pidžama,
Verb,,schlafen,,spavati,
Adjektiv,,schläfrig,,pospan,
Substantiv,der,Schlafwagen,<-s; Schlafwagen>,vagon za spavanje/spavaća kola,
Substantiv,das,Schlafzimmer,<-s; Schlafzimmer>,spavaća soba,
Verb,,schlagen,ich schlage / ich schlug / ich habe geschlagen,udarati/tući,
Substantiv,der,Schläger,<-s; Schläger>,razbijač/palica/reket,
Substantiv,das,Schlagloch,<-s; -löcher>,rupa na putu,
Substantiv,der,Schlamm,<-s; ->,blato,
Substantiv,die,Schlange,<Schlange; -n>,zmija,
Adjektiv,,schlank,,vitak/mršav,
Adjektiv,,schlecht,,loš,
Verb,,schleudern ,,baciti / bacati,
Verb,,schließen,,zatvoriti,
Adverb,,schließlich,,konačno/na kraju krajeva,
Verb,,schlingen,ich schlinge / ich schlang / ich habe geschlungen,prebaciti,
Substantiv,der,Schlitten,<-s; Schlitten>,saonice,
Substantiv,das,Schlittenfahren,-,sanjkanje,
Substantiv,das,Schloss,<-es; Schlösser>,brava/lokot/zatvarač/dvorac,
Verb,,schlucken,ich schlucke / ich schluckte / ich habe geschluckt,progutati,
Substantiv,der,Schluss,<-es; Schlüsse>,kraj,
Substantiv,der,Schlüssel,<-s; Schlüssel>,ključ,
Adjektiv,,schmal,,uzak/tijesan/tanak/slab/malen,
Verb,,schmecken,,imati okus,
Substantiv,der,Schmerz,<-es; -en>,bol/tuga/žalost,
Substantiv,der,Schmetterling,<-s; -e>,leptir,
Substantiv,der,Schmuggler,<-s; Schmuggler>,krijumčar,
Substantiv,der,Schmutz,<-es; ->,prljavština,
Adjektiv,,schmutzig,,prljav/zamazan,
Substantiv,der,Schnaps,<-es; Schnäpse>,rakija,
Substantiv,die,Schnecke,<Schnecke; -n>,puž,
Substantiv,der,Schnee,<-s>,snijeg,
Adjektiv,,schneereich ,,sniježan,
Verb,,schneiden,ich schneide / ich schnitt / ich habe geschnitten,rezati/sjeći/presjeći/podrezati/podšišati,
Substantiv,der,Schneider,<-s; Schneider>,krojač,
Verb,,schneien,es schneit / es schneite / es hat geschneit,snježiti,
Adjektiv,,schnell,,brzo/hitro,
Substantiv,das,Schnellrestaurant,<-s; -s>,restoran brze prehrane,
Substantiv,die,Schnittstelle,<Schnittstelle; -n>,interface / sučelje / međusklop / ulaz,
Substantiv,der,Schnupfen,<-s; Schnupfen>,kihavica/hunjavica,
Verb,,schnuppern,ich schnuppere / ich schnupperte / ich habe geschnuppert,ponjušiti,
Substantiv,der,Schnürsenkel,<-s; Schnürsenkel>,vezica/pertla,
Substantiv,die,Schokolade,,čokolada,
,,schon,,već,
Adjektiv,,schön,,lijep,
Substantiv,die,Schönheit,<Schönheit; -en>,ljepota,
Substantiv,der,Schoß,<-es; Schöße>,"krilo, skut, maternica",
Substantiv,der,Schrank,<-(e)s; Schränke>,ormar,
Substantiv,die,Schraube,Schraube -n,vijak,
Substantiv,der,Schraubenzieher,-s Schraubenzieher,odvijač,
Adjektiv,,schrecklich,,strašno,
Verb,,schreiben,ich schreibe / ich schrieb / ich habe geschrieben,pisati,
Substantiv,der,Schreibtisch,<-es; -e>,pisaći stol,
Adverb,,schriftlich,,pisanim putem,
Adjektiv,,schriftlich,,pismen / pisan,
Substantiv,der,Schritt,<-(e)s; -e>,korak,
Substantiv,der,Schuh,<-(e)s; -e>,cipela,
Substantiv,der,Schuhmacher,<-s; Schuhmacher>,postolar,
Substantiv,das,Schuhwerk,<-(e)s>,obuća,
Substantiv,der,Schulabschluss,<-es; Schulabschlüsse>,potvrda o završenom školovanju,
Substantiv,die,Schuld,<Schuld; -en>,dug/dugovanje/krivica,
Verb,,schulden,ich schulde / ich schuldete / ich habe geschuldet,dugovati,
,die,Schule,<Schule; -n>,škola,
Substantiv,der,Schüler,<-s; Schüler>,učenik,
Substantiv,die,Schülerin,<Schülerin; -nen>,učenica,
Substantiv,das,Schulfach,<-(e)s; Fächer>,školski predmet,
Substantiv,die,Schulter,<Schulter; -n>,rame/plećka,
Substantiv,die,Schulung,<Schulung; -en>,školovanje/izobrazba,
Substantiv,das,Schulzeugnis,<-ses; -se>,školska knjižica / školska svjedodžba,
Substantiv,die,Schürfwunde,<Wunde; -n>,ogrebotina,
Substantiv,der,Schuss,<-es; Schüsse>,hitac / pucanj,
Verb,,schütteln,ich schüttle / ich schüttelte / ich habe geschüttelt,drmnuti/tresti/odmahnuti,
Verb,,schützen,ich schütze / ich schützte / ich habe geschützt,štititi/braniti,
Adjektiv,,schwach,,slab,
,die,Schwäche,<Schwäche; -n>,mana / slabost / slaba strana,
Adjektiv,,schwarz,,crna,
Substantiv,das,Schwein,<-(e)s; -e>,svinja,
Substantiv,das,Schweinefleisch,<-(e)s>,svinjetina,
Substantiv,der,Schweiß,<-es>,znoj,
Substantiv,die,Schwellung,<Schwellung; Schwellungen>,oteklina,
Adjektiv,,schwer,,težak,
,die,Schwester,- / -n,sestra,
,das,Schwesterchen,<-s -en>,sestrica od milja,
Substantiv,der,Schwiegervater,<-s; Schwiegerväter>,svekar/tast/punac,
Substantiv,die,Schwierigkeit,<Schwierigkeit; -en>,poteškoća / teškoća,
Substantiv,das,Schwimmbad,<-(e)s; Schwimmbäder>,plivalište/bazen,
Substantiv,das,Schwimmen,-,plivanje,
Verb,,schwimmen,,plivati,
Substantiv,der,Schwindel,<-s>,vrtoglavica/prijevara,
Substantiv,der,See,<-s; -n>,jezero,
Substantiv,die,See,<See>,more,
Verb,,segeln,ich segle / ich segelte / ich bin gesegelt,ploviti,
Verb,,sehen,iche sehe / ich sah / ich habe gesehen,vidjeti,
,,sehr,,vrlo,
Substantiv,der,Sehtest,<-s; -s>,test vida,
Substantiv,die,Seife,<Seife; -n>,sapun,
Verb,,sein,ich bin / ich war / ich bin gewesen,biti,
,,seit,,od,
Substantiv,die,Seite,<Seite; -n>,strana/bok/stranica,
Substantiv,die,Sekretärin,<Sekretärin; -nen>,tajnica,
Substantiv,der,Sekt,<-(e)s; -e>,pjenušavo vino,
Adjektiv,,selbstständig / selbständig,,samostalan,
Substantiv,die,Selbstständigkeit,<Selbstständigkeit>,samostalnost,
,,selbstverständlich ,,naravno / podrazumjevano,
,,selten,,rijetko,
Substantiv,die,Sendung,<Sendung; -en>,pošiljka/emisija,
Substantiv,der,September,<-s; September>,rujan,
Substantiv,der,Service,<Service; -s>,servis / usluga,
,,serviceorientiert ,,uslužno orijentiran,
Substantiv,die,Serviette,<Serviette; -n>,ubrus,
Substantiv,der,Sessel,<-s; Sessel>,fotelja,
Verb,,setzen,,smjestiti / postaviti / postaviti / posaditi,
Substantiv,der,Shatten,<-s; Schatten>,sjena,
Verb,,sich abstützen,ich stütze mich ab / ich stützte mich ab / ich habe mich abgestützt,osloniti se,
Verb,,sich abzeichnen,ich zeichne mich ab / ich zeichnete mich ab / ich habe mich abgezeichnet,ocrtavati se/preslikavati se,
Verb,,sich amüsieren,,zabaviti se,
Verb,,sich ängern,,naljutiti se,
Verb,,sich anschauen,ich schaue mir an / ich schaute mir an / ich habe mir angeschaut,pogledati se,
Verb,,sich anziehen,ich ziehe mich an / ich zog mich an / ich habe mich angezogen,obući se,
Verb,,sich aufhalten ,,zadržati se,
Verb,,sich ausbreiten,ich breite mich aus / ich breitete mich aus / ich habe mich ausgebreitet,širiti se,
Verb,,sich ausruchen,,odmoriti se,
Verb,,sich äußern,,izraziti se,
Verb,,sich beeilen,ich beeile mich / ich beeilte mich / ich habe mich beeilt,požuriti se,
Verb,,sich bemühen,,pomučiti se,
Verb,,sich beruhigen,ich beruhige mich / ich beruhigte mich / ich habe mich beruhigt,smiriti se,
Verb,,sich beschweren,,žaliti se,
Verb,,sich bewegen,ich bewege mich / ich bewegte mich / ich habe mich bewegt,kretati se/gibati se/micati se,
Verb,,sich bewerben,,prijaviti se,
Verb,,sich duschen,,tuširati se,
Verb,,sich entscheiden,ich entscheide mich / ich entschied mich / ich habe mich entschieden,odlučiti se,
Verb,,sich entschuldigen,ich entschuldige mich / ich entschuldigte mich / ich habe mich entschuldigt,ispričati se,
Verb,,sich erholen,,oporaviti se,
Verb,,sich erinnern,ich erinnere mich / ich erinnerte mich / ich habe mich erinnert,sjetiti se / sjećati se / podsjetiti se,
Verb,,sich fotografieren ,,fotografirati se,
Verb,,sich freuen,ich freue mich / ich freute mich / ich habe mich gefreut,radovati se,
Verb,,sich fühlen,ich fühle mich / ich fühlte mich / ich habe mich gefühlt,osjećati se,
Verb,,sich fürchten,,bojati se,
Verb,,sich gewöhnen,,naviknuti se,
Verb,,sich halten,ich halte mich / ich hielt mich / ich habe mich gehalten,držati se,
Verb,,sich hindurchzwängen,ich zwänge mich hindurch / ich zwängte mich hindurch / ich habe mich hindurchgezwängt,provući se,
Verb,,sich hocken,ich hocke mich / ich hockte mich / ich habe mich gehockt,čučnuti se,
Verb,,sich hüllen,ich hülle mich / ich hüllte mich / ich habe mich gehüllt,umotati se,
Verb,,sich hüllen,,umotati se,
Verb,,sich informieren,,informirati se,
Verb,,sich interessieren,,interesirati se,
Verb,,sich klammern,ich klammere mich / ich klammerte mich / ich habe mich geklammert,grčevito se držati,
Verb,,sich klopfen,ich klopfe mich / ich klopfte mich / ich habe mich geklopft,otresati se lupajući,
Verb,,sich kräuseln,ich kräusle mich / ich kräuselte mich / ich habe mich gekräuselt,kovrčati se,
Verb,,sich kümmern,ich kümmere mich / ich kümmerte mich / ich habe mich gekümmert,brinuti se za/voditi brigu o,
Verb,,sich neigen,ich neige mich / ich neigte mich / ich habe mich geneigt,nagnuti se,
Verb,,sich rasieren,,brijati se,
Verb,,sich schälen,ich schäle mich / ich schälte mich / ich habe mich geschält,ljuštiti se / guliti se,
Verb,,sich setzen,ich setze mich / ich setzte mich / ich habe mich gesetzt,sjesti se,
Verb,,sich Sorgen machen,,brinuti se oko nečega (fraza),
Verb,,sich stellen,ich stelle mich / ich stellte mich / ich habe mich gestellt,predati se,
Verb,,sich strengen,,naprezati se,
Verb,,sich tasten,ich taste mich / ich tastete mich / ich habe mich getastet,opipavati se / sporo kretanje oslanjajući se na dodir,
Verb,,sich treffen,ich treffe mich / ich traf mich / ich habe mich getroffen,sresti se,
Verb,,sich unterhalten,ich unterhalte mich / ich unterhielt mich / ich habe mich unterhalten,razgovarati/voditi razgovor,
Verb,,sich verändern,ich verändere mich / ich veränderte mich / ich habe mich verändert,promijeniti se,
Verb,,sich verlangsamen,ich verlangsame mich / ich verlangsamte mich / ich habe mich verlangsamt,usporavati se/polako gubiti snagu,
Verb,,sich verlaufen,ich verlaufe mich / ich verlief mich / ich habe mich verlaufen,izgubiti se,
Verb,,sich verteilen,ich verteile mich / ich verteilte mich / ich habe mich verteilt,razlijevati se/ raspoređivati se,
Verb,,sich vorstellen,ich stelle mich vor / ich stellte mich vor / ich habe mich vorgestellt,predstaviti se,
Verb,,sich winden,ich winde mich / ich wand mich / ich habe mich gewunden,izvijati se/motati se/ viti se/ namotavati se,
Verb,,sich zwingen,ich zwinge mich / ich zwang mich / ich habe mich gezwungen,prisiliti se,
,,sicher,,siguran,
Substantiv,die,Sicherheit,<Sicherheit; -en>,sigurnost,
Substantiv,die,Sicherheitskontrolle,<Sicherheitskontrolle; -n>,sigurnosna provjera,
Verb,,sicherstellen ,,osigurati,
Verb,,sickern,ich sickere / ich sickerte / ich habe gesickert,curiti,
Substantiv,die,Silhouette,<Silhouette; -n>,silueta/obris,
Verb,,singen,,pjevati,
Verb,,sinken,ich sinke / ich sank / ich bin gesunken,klonuti/srušiti se/potonuti,
Substantiv,die,Situation,<Situation; -en>,situacija/položaj,
Substantiv,der,Sitz,<-es; -e>,sjedalo/sjedište,
Verb,,sitzen,ich sitze / ich saß / ich habe gesessen,sjediti,
Substantiv,der,Sitzplatz,<-es; Sitzplätze>,sjedeće mjesto,
Substantiv,die,Sitzung,<Sitzung; -en>,sjednica,
Adjektiv,,skalierend ,,skalabilan,
Substantiv,die,Skulptur,<Skulptur; -en>,skulptura,
Substantiv,der,Slip,<-s; -s>,gaćice,
,,sobald,,čim,
,,sofern ,,pod uvjetom / ukoliko,
,,sofort,,odmah/smjesta/istog momenta/bez zadrške,
Adjektiv,,sofortig ,,neodgodiv / neodloživ / trenutan,
Substantiv,der,Softwareentwicklungszyklus,<Softwareentwicklungszyklus; -klen>,SDLC,
Substantiv,das,Softwareprogramm,<-(e)s; -e>,računalni program,
,,sogar,,čak / čak i,
Substantiv,der,Sohn,<-(e)s; Söhne>,sin,
Substantiv,der,Soldat,<-en; -en>,vojnik,
Substantiv,die,Soldatin,Soldatin; -innen>,vojnikinja,
Verb,,sollen,ich solle / ich sollte / ich habe gesollt,trebati,
Substantiv,der,Sommer,<-s; Sommer>,ljeto,
,,sondern,,nego/već,
Substantiv,die,Sonne,<Sonne; -n>,Sunce,
Substantiv,das,Sonnenlicht,<-(e)s>,sunčeva svjetlost,
Substantiv,der,Sonnenschirm,<-(e)s; -e>,suncobran,
Substantiv,der,Sonnenstich,<-(e)s; -e>,sunčanica,
Adjektiv,,sonnig,,sunčan,
Substantiv,der,Sonntag,<-(e)s; -e>,nedjelja,
,,sonst,,inače/uostalom,
Substantiv,die,Sorge,<Sorge; -n>,briga,
Verb,,sorgen ,,skrbiti / brinuti,
Substantiv,die,Soße,<Soße; -n>,umak,
,,sowie,,kao i,
,,sowieso ,,i onako,
,,sowohl ,,i / također,
Adjektiv,,spannend ,,napet / uzbudljiv,
Substantiv,die,Spannung,<Spannung; -en>,napetost/napon,
Verb,,sparen,,štedjeti,
Substantiv,der,Spaß,<-es; Spässe>,šala/zabava,
,,spät,,kasno,
Verb,,spazieren,,šetati,
Substantiv,die,Specialität,<Spezialität; -en>,specijalitet,
Substantiv,die,Speisekarte,<Speisekarte; -n>,jelovnik ,
Substantiv,der,Speisesaal,<-(e)s; -säle>,blagovaonica,
Substantiv,der,Sperling,<-s; -e>,vrabac,
Verb,,spielen,ich spiele / ich spielte / ich habe gespielt,igrati / svirati,
Substantiv,das,Spielzeug,<-(e)s>,igračka,
Substantiv,der,Spieß,<-es; -e>,ražanj / ražnjić / koplje,
Substantiv,die,Spinne,Spinne -n,pauk,
Substantiv,der,Sport,<-(e)s>,sport,
Substantiv,die,Sprache,Sprache -n,jezik,
Substantiv,das,Sprachinstitut,<-(e)s; -e>,institut za strane jezike,
Verb,,sprechen,ich spreche / ich sprach / ich habe gesprochen,govoriti,
Substantiv,der,Sprecher,<-s; Sprecher>,govornik / spiker,
Substantiv,die,Sprecherin,<Sprecherin; -innen>,govornica / spikerica,
Substantiv,die,Sprengladung,<Sprengladung; -en>,eksplozivna naprava / ekslozivno punjenje,
Substantiv,der,Sprengstoff,<-(e)s; -e>,eksploziv,
Substantiv,der,Sprengstoffanschlag,<-(e)s; Sprengstoffanschläge>,bombaški napad / teroristički napad,
Verb,,springen,,skakati,
Substantiv,die,Spur,<Spur; -en>,trag/otisak,
Verb,,spüren,ich spüre / ich spürte / ich habe gespürt,osjetiti (emocionalno),
Substantiv,die,Staatsangehörigkeit,<Staatsangehörigkeit; -en>,državljanstvo,
Substantiv,der,Staatsbürger,<-s; Staatsbürger>,državljanin,
Substantiv,die,Staatsbürgerin,<Staatsbürgerin; -innen>,državljanka,
,,stabil ,,stabilan / stalan / nepokolebljiv,
Substantiv,die,Stadt,<Stadt; Städte>,grad,
Substantiv,die,Stadtbücherei,<Stadtbücherei; -en>,gradska knjižnica,
Substantiv,die,Stadtmitte,<Stadtmitte; -n>,središte grada,
Substantiv,der,Stadtplan,<-(e)s; Stadtpläne>,plan grada,
Substantiv,die,Stadtrundfahrt,<Stadtrundfahrt; -en>,kružna tura gradom,
Substantiv,der,Stadtteil,<-(e)s; -e>,dio grada,
Substantiv,der,Stahl,<-(e)s; Stähle>,čelik,
Substantiv,der,Stahlbau,<-(e)s; -ten>,proizvodnja čelika,
Substantiv,der,Stand,<-(e)s; Stände>,stanje,
Adjektiv,,stark,,snažan,
Substantiv,die,Stärke,<Stärke; -n>,vrlina / jakost / jača strana,
Verb,,stärken ,,ojačati,
Verb,,starren,ich starre / ich starrte / ich habe gestarrt,zuriti,
Verb,,starten,,početi/startati,
,,statt,,umjesto,
Adverb,,stattdessen,,umjesto toga,
Verb,,stattfinden,es findet statt / es fand statt / es hat stattgefunden,održavati se/dogoditi se/održati se,
Substantiv,die,Statue,<Statue; -n>,kip,
Substantiv,der,Stau,<-s; -s>,zastoj u prometu,
Substantiv,der,Staub,<-s; ->,prašina,
Substantiv,der,Staubsauger,-s Staubsauger,usisavač,
Adjektiv,,stechend,,prodoran,
Substantiv,die,Stechmücke,<Stechmücke; -n>,komarac,
Verb,,stecken,ich stecke / ich steckte / ich habe gesteckt,spremiti/zataknuti/zadjenuti/vratiti u nešto,
Verb,,stehen,ich stehe / ich stand / ich habe gestanden,stajati,
Verb,,steigen ,,penjati se / rasti / dići se / popeti se / izići,
Adjektiv,,steil,,strm,
Substantiv,der,Stein,<-(e)s; -e>,kamen,
Substantiv,der,Steinpilz,<-es; -e>,vrganj,
Substantiv,die,Stelle,<Stelle; -n>,mjesto / radno mjesto / pozicija / namješatnje,
Verb,,stellen,,postaviti,
Substantiv,das,Stellenangebot,<-(e)s; -e>,ponuda za radno mjesto,
Substantiv,die,Stellenanzeige,<Stellenanzeige; -n>,oglas za posao,
Substantiv,der,Stellensuchende,<Stellensuchenden; Stellensuchenden>,tražitelj posla,
Substantiv,die,Stellensuchende,<Stellensuchenden; Stellensuchenden>,tražiteljica posla,
Substantiv,der,Stern,<-(e)s; -e>,zvijezda,
Substantiv,der,Stich,<-(e)s; -e>,ubod/bod/šav,
Verb,,sticken,ich sticke / ich stickte / ich habe gestickt,vesti,
Adjektiv,,stief,,krut,
Substantiv,der,Stiefel,<-s; Stiefel>,čizma,
,der,Stift,<-(e)s; -e>,olovka,
Adjektiv,,still,,miran/tih,
Substantiv,die,Stille,<Stille>,mir/tišina,
Substantiv,die,Stimme,<Stimme; -n>,glas,
Verb,,stimmen,ich stimme / ich stimmte / ich habe gestimmt,podesiti / naštimati,
Substantiv,die,Stimmung,<Stimmung; -en>,raspoloženje / ugođaj,
Substantiv,die,Stirn,<Stirn; -en>,čelo,
Verb,,stochern,ich stochere / ich stocherte / ich habe gestocherte,čačkati,
Substantiv,der,Stock,<-(e)s; Stöcke>,kat,
Verb,,stocken,ich stocke / ich stockte / ich habe gestockt,zastati,
Substantiv,der,Stoff,<-(e)s; -e>,tkanina/građa/gradivo/stvar,
Verb,,stöhnen,ich stöhne / ich stöhnte / ich habe gestöhnt,stenjati,
Verb,,stolpern,ich stolpere / ich stolperte / ich bin gestolpert,posrnuti/spotaknuti,
Verb,,stopfen,ich stopfe / ich stopfte / ich habe gestopft,strpati/natrpati/napuniti/zakrpiti/začepiti,
Substantiv,der,Storch,<-(e)s; -e>,roda,
Verb,,stören,ich störe / ich störte / ich habe gestört,smetati/omesti/poremetiti,
Verb,,stottern,ich stottere / ich stotterte / ich habe gestottert,štucati/mucati,
Adjektiv,,straff,,zategnut/napet,
Substantiv,der,Strand,<-(e)s; Strände>,plaža,
Substantiv,die,Straße,<Straße; -n>,ulica,
Substantiv,die,Straßenbahn (S-Bahn),<Straßenbahn; -en>,tramvaj,
Substantiv,das,Streichholz,<-es; Streichhölzer>,šibica,
Substantiv,die,Streife,<Streife; -n>,patrola/ophodnja,
Verb,,streifen,ich streife / ich streifte / ich habe gestreift,okrznuti/dotaknuti/lutati,
Substantiv,der,Streit,<-(e)s; -e>,svađa,
Verb,,streiten,ich streite / ich stritt / ich habe gestritten,svađati se/prepirati se,
Substantiv,der,Stress,<-es; -e>,stres,
Verb,,streunen,ich streune / ich streunte / ich bin gestreunt,skitati (se),
Substantiv,der,Strom,<-(e)s; Ströme>,struja/bujica/rijeka,
Substantiv,die,Struktur,<Struktur; -en>,struktura / sastav,
Substantiv,der,Strumpf,<-(e)s; Strümpfe>,čarapa,
Substantiv,das,Stück,<-(e)s; -e>,komad/dio,
Substantiv,der,Student,<-en; -en>,student,
Substantiv,die,Studentin,<Studentin; -nen>,studentica,
Verb,,studieren,ich studiere / ich studierte / ich habe studiert,studirati,
Substantiv,das,Studio,<-s; -s>,studio,
Substantiv,der,Stuhl,<-es; Stühle>,stolica,
Substantiv,die,Stunde,<Stunde; -n>,sat/čas,
Substantiv,der,Sturm,<-(e)s; Stürme>,oluja/juriš/navala,
Verb,,stürmen ,,jurišati / napadati,
Substantiv,der,Sturz,<-es; Stürze>,pad,
Verb,,suchen,ich suche / ich suchte / ich habe gesucht,tražiti,
Substantiv,der,Süden,<-s>,jug,
Verb,,summen,ich summe / ich summte / ich habe gesummt,zujati/pjevušiti,
Substantiv,der,Supermarkt,<-(e)s; Supermärkte>,supermarket,
Substantiv,die,Suppe,<Suppe; -n>,juha / čorba,
Adjektiv,,süß,,sladak,
Substantiv,die,Süßkirsche,<Süßkirsche; -n>,trešnja,
Adjektiv,,sympatisch,,simpatičan,
Substantiv,das,System,<-s; -e>,sustav,
Substantiv,die,Tablette,<Tablette; -n>,tableta,
Substantiv,die,Tafel,<Tafel; -n>,školska ploča,
Substantiv,der,Tafelschwamm,<-(e)s; Schwämme>,spužva za ploču,
Substantiv,der,Tag, <-(e)s; -e> ,dan,
Substantiv,das,Tagebuch,<-(e)s; Tagebücher>,dnevnik,
,,täglich,,dnevno,
,,tagtäglich ,,svakodnevno,
Substantiv,das,Tal,<-(e)s; Täler>,dolina,
Substantiv,die,Tankstelle,<Tankstelle; -n>,benzinska pumpa,
Substantiv,der,Tannenbaum,<-(e)s; Bäume>,jela/božićno drvce,
Verb,,tanzen,ich tanze / ich tanzte / ich habe getanzt,plesati,
Substantiv,die,Tasche,<Tasche; -n>,džeb/torba,
Substantiv,die,Tasse,<Tasse; -n>,šalica,
Substantiv,die,Tätigkeit,<Tätigkeit; -en>,djelatnost,
,,tatsächlich,,zapravo,
,,tatverdächtig ,,osumnjičeni,
Substantiv,der,Tau,<-(e)s>,rosa,
Adjektiv,,taub,,utrnut,
Substantiv,die,Taube,<Taube; -n>,golub,
Substantiv,der,Taucher,<-s; Taucher>,ronilac,
Substantiv,die,Taufe,<Taufe; -n>,krštenje,
Substantiv,das,Taxi,<-s; -s>,taxi,
Substantiv,das,Team,<-s; -s>,tim,
Substantiv,der,Tee,<-s; -s>,čaj,
Substantiv,die,Teigwaren,pl.,tjestenine/makaroni,
Substantiv,der,Teil,<-(e)s; -e>,dio / udio,
Verb,,teilnehmen,ich nehme teil / ich nahm teil / ich habe teilgenommen,učestvovati/sudjelovati,
Substantiv,die,Teilzeit,<Teilzeit; kein pl>,skraćeno radno vrijeme/part time,
Substantiv,das,Telefon,<-s; -e>,telefon,
Substantiv,das,Telefonat,<-(e)s; -e>,telefonski razgovor,
Substantiv,das,Telefonbuch,<-(e)s; Telefonbücher>,telefonski imenik,
Verb,,telefonieren,,telefonirati,
Adjektiv,,telefonisch,,telefonski,
Substantiv,die,Telefonnummer,<Nummer; -n>,broj telefona,
Substantiv,die,Telefonzelle,<Telefonzelle; -n>,telefonska govornica,
Substantiv,das,Telegramm,<-(e)s; -e>,telegram,
Substantiv,der,Teller,<-s; Teller>,tanjur,
Substantiv,das,Tempo,"<-s; -s, -pi>",tempo/ brzina,
Substantiv,das,Tennis,<Tennis>,tenis,
Substantiv,der,Teppich,<-s; -e>,tepih,
Substantiv,der,Termin,<-s; -e>,termin/rok,
Substantiv,der,Test,"<-(e)s; -s, -e>",test/proba,
Adjektiv,,teuer,,skup,
Substantiv,der,Teufel,<-s; ->,vrag,
Substantiv,der,Text,<-(e)s; -e>,text,
Substantiv,das,Theater,<-s; Theater>,kazalište,
Substantiv,das,Thema,<-s; -men>,tema/predmet,
Substantiv,das,Thermometer,<-s; Thermometer>,toplomjer,
Adjektiv,,tief,,dubok,
Adjektiv,,tiefhängend,,nisko viseći/spušten/nizak,
Substantiv,das,Tier,<-(e)s; -e>,životinja,
Substantiv,der,Tiergarten,<-s; Tiergärten>,zoološki vrt,
Substantiv,der,Tiger,<-s; Tiger>,tigar,
Verb,,tippen,ich tippe / ich tippte / ich habe getippt,kucati/tipkati/lupkati/pogoditi,
Substantiv,der,Tisch,<-(e)s; -e>,stol,
Substantiv,der,Tischcomputer,-s Tischcomputer,stolno računalo,
Substantiv,der,Tischler,<-s; Tischler>,stolar,
Substantiv,die,Tochter,<Tochter; Töchter>,kći,
Substantiv,der,Tod,<-es; -e>,smrt,
,,toll,,sjajno / divno,
Substantiv,die,Tomate,<Tomate; -n>,rajčica,
Substantiv,das,Tor,<-(e)s; -e>,vrata/gol/otvor,
Adjektiv,,tot,,mrtav,
Substantiv,der,Tote,<-n; -n>,mrtvac (muški),
Substantiv,die,Tote,<-n; -n>,mrtvac (ženski),
Verb,,töten,ich töte / ich tötete / ich habe getötet,ubiti,
Substantiv,die,Tour,<Tour; -en>,tura / krug / izlet / pravac,
Substantiv,der,Tourist,<-en; -en>,turist,
Verb,,tragen,ich trage / ich trug / ich habe getragen,nositi,
Substantiv,der,Trainer,,trener,
Substantiv,die,Trauben,<pl.>,grožđe,
Substantiv,die,Trauer,<Trauer>,tuga,
Substantiv,der,Traum,<-(e)s; Träume>,san,
Verb,,träumen,,sanjati,
Adjektiv,,traurig,,tužan,
Substantiv,der,Trauring,,vjenčani prsten,
Verb,,treffen,ich treffe / ich traf / ich habe getroffen,sastati/naći,
Verb,,trennen ,,odvojiti,
Substantiv,der,Tresor,<-s; -e>,trezor/sef,
Verb,,treten,ich trete / ich trat / ich bin getreten,nagaziti/zakoračiti/stupiti/udariti nogom,
Adjektiv,,treu,,vjeran,
Verb,,trinken,ich trinke / ich trank / ich habe getrunken,piti,
Verb,,trocknen,ich trockne / ich trocknete / ich habe getrocknet,osušiti/posušiti,
Verb,,trommeln,ich trommle / ich trommelte / ich habe getrommelt,bubnjati,
Substantiv,der,Tropfen,<-s; Tropfen>,kap/kapljica,
Präposition,,trotz,Genitiv,unatoč,
,,trotzdem,,ipak/uprkos tome,
,,trotzdem,,usprkos/unatoč tome,
Adjektiv,,trunken,,pijan,
,,tschüs,,ćao,
Substantiv,das,Tuch,<-(e)s; Tücher>,sukno/krpa/marama,
Verb,,tun,ich tue / ich tat / ich habe getan,obavljati,
Substantiv,die,Tür,<Tür; -en>,vrata,
Substantiv,der,Turist,<-en; -en>,turist,
Substantiv,die,Türklinke,<Türklinke; -n>,kvaka,
Substantiv,die,Turnschuhe,pl.,patike/tenisice,
Substantiv,der,Türrahmen,<-s; Rahmen>,okvir vrata/štok,
Substantiv,das,Türschloss,<-es; Türschlösser>,brava na vratima,
Substantiv,der,Typ,<-s; -en>,tip,
Substantiv,die,U-Bahn,<U-Bahn; -en>,metro,
Substantiv,das,Übel,<-s; Übel>,zlo,
Substantiv,die,Übelkeit,,mučnina,
Verb,,üben,,vježbati,
Präposition,,über,Dativ,preko,
,,überall,,svugdje,
Substantiv,der,Übergang,<-(e)s; Übergänge>,prijelaz,
,,überhaupt,,uopće,
Verb,,überholen,,prestići / preteći,
Substantiv,die,Überholspur,<Überholspur; -en>,preticajna traka na autoputu,
Verb,,überlaufen,,pregaziti / prijeći preko,
Verb,,überlegen,ich überlege / ich überlegte / ich habe überlegt,promisliti/razmisliti,
Verb,,übermitteln ,,uručiti,
,,übermorgen,,prekosutra,
Verb,,übernachten,ich übernachte / ich übernachtete / ich habe übernachtet,prenoćiti,
Verb,,übernehmen,ich übernehme / ich übernahm / ich habe übernommen ,preuzeti,
Verb,,überraschen,ich überrasche / ich überraschte / ich habe überrascht,iznenaditi,
Adjektiv,,überrascht,,iznenađen,
Substantiv,die,Überraschung,<Überraschung; -en>,iznenađenje,
Verb,,übersetzen,,prevesti,
Adjektiv,,übersichtlich,,pregledan / jasan / čitak,
Substantiv,die,Überstunden,pl.,prekovremeni rad,
Substantiv,die,Übertragung,<-; -en>,prijenos/zaraza,
Substantiv,die,Überwachung,<Überwachung; -en>,nadgledanje / monitoring / nadzor,
Substantiv,die,Überweisung,,doznaka,
Verb,,überwuchern,ich überwuchere / ich überwucherte / ich habe überwuchert,zarasti u korov/zarasti u granje,
Substantiv,die,Überzahlung,<Überzahlung; -en>,pretplata,
Substantiv,die,Übung,<Übung; -en>,vježba,
Substantiv,das,Ufer,<-s; Ufer>,obala/brijeg,
Substantiv,die,Uhr,<Uhr; -en>,sat/ura,
Substantiv,der,Uhrmacher,<-s; Uhrmacher>,urar,
Präposition,,um,Akkusativ,oko / u (vrijeme),
,,umfangreich ,,opsežan,
Verb,,umfassen ,,obuhvatiti / obuzeti / uključiti,
Adjektiv,,umfassend ,,obuhvatan / opsežan,
Substantiv,das,Umfeld,<-(e)s; -er>,okolina,
Substantiv,die,Umgebung,<Umgebung; -en>,okolina,
Verb,,umkehren,ich kehre um / ich kehrte um / ich bin umgekehrt,okrenuti/obrnuti/vratiti se,
,,ums Leben kommen ,,poginuti (sintagma),
Substantiv,die,Umschulung,<Umschulung; -en>,preškolovavanje / prekvalifikacija,
,,umso mehr,,tim više,
Verb,,umsteigen,,presjedati,
Verb,,umstürzen,ich stürze um / ich stürzte um / ich bin umgestürzt,pasti/srušiti,
Verb,,umziehen,,preseliti,
Substantiv,der,Umzug,<-(e)s; Umzüge>,selidba/povorka,
,,unabhängig,`,nezavisan / neovisan,
,,unangenehm,,neprijatan,
Adjektiv,,unaufmerksam,,nepažljiv,
Adjektiv,,unbedingt,,bezuvjetan/obavezan,
Adjektiv,,unehrlich,,nepošten,
Adjektiv,,unentschlossen,,neodlučan,
Adjektiv,,unerbittlich,,neumoljiv,
Adjektiv,,unerwartet,,neočekivan,
Substantiv,der,Unfall,<-(e)s; Unfälle>,nesreća / nezgoda,
Substantiv,die,Unfallstelle,<Stelle; -n>,mjesto nesreće (prometne),
,,unfreundlich,,neljubazan,
Adjektiv,,ungebildet,,neobrazovan,
,,ungefähr,,približno/otprilike/cirka,
Adjektiv,,ungewohnt,,neobičan,
Substantiv,der,Unglaube,<-ns>,nevjerovanje/manjak povjerenja,
Adjektiv,,ungleichmäßig,,neravnomjeran,
Adjektiv,,unglücklich,,nesretan,
Adjektiv,,unheimlich,,tajanstven,
Adjektiv,,unhöflich,,nepristojan,
Substantiv,die,Unibibliothek,<Bibliothek; -en>,sveučilišna biblioteka,
Substantiv,die,Uniform,<Uniform; -en>,uniforma,
Substantiv,die,Universität,<Universität; -en>,sveučilište,
Adjektiv,,unkenntlich,,nepregledno/neraspoznatljivo,
Substantiv,das,Unkraut,<-s; ->,korov,
,,unmöglich,,nemoguće,
Adjektiv,,unordentlich,,neuredno,
Adjektiv,,unsichtbar,,nevidljiv,
Substantiv,der,Unsinn,<-s>,glupost/besmislica,
,,unten,,ispod,
Präposition,,unter,Dativ,pod,
,,unter,,ispod,
Substantiv,der,Unterboden,<-s; ->,podvozje,
,die,Unterbrechung,<Unterbrechung; -en>,prekid / obustava,
,,unterbrechungsfrei ,,bez prekida / bez obustave,
Verb,,unterhalten,ich unterhalte / ich unterhielt / ich habe unterhalten,zabaviti/uzdržavati,
Substantiv,das,Unterhemd,,potkošulja,
Substantiv,die,Unterlage,<Unterlage; -n>,podloga/dokument/materijal sa predavanja,
Substantiv,das,Unternehmen,<-s; Unternehmen>,poduzeće,
Substantiv,der,Unternehmer,<-s; Unternehmer>,poduzetnik,
Substantiv,die,Unternehmerin,<Unternehmerin; -innen>,poduzetnica,
Substantiv,der,Unterricht,<-(e)s; -e>,nastava/obuka,
Substantiv,der,Unterschenkel,<-s; Unterschenkel>,potkoljenica,
Substantiv,der,Unterschied,<-(e)s; -e>,razlika,
Verb,,unterschieden ,,razlikovati,
Verb,,unterschreiben,,potpisati,
Substantiv,die,Unterstützung,<Unterstützung; -en>,podrška / potpora / support,
Substantiv,die,Untersuchung,<Untersuchung; -en>,pregled/istraga/istraživanje,
Verb,,untertauchen ,,uroniti / zaroniti,
Substantiv,der,Unterton,<Unterton(e)s; Untertöne>,podzvuk/prizvuk,
Substantiv,die,Unterwäsche,<Unterwäsche>,donje rublje,
,,unterwegs,,na putu/usput,
Adjektiv,,untreu,,nevjeran,
Adjektiv,,unverheiratet,,neoženjen,
Adjektiv,,unverläßlich,,nepouzdan,
Adjektiv,,unvorbereitet,,nespreman/nepripremljen,
Adjektiv,,uralt,,prastar,
Substantiv,der,Urlaub,<-(e)s; -e> ,godišnji odmor / dopust / praznici,
Substantiv,der,Ursache,<Ursache; -n>,razlog,
Substantiv,die,Vase,<Vase; -n>,vaza,
Substantiv,der,Vater,<-s; Väter>,otac,
Verb,,verändern,,promijeniti,
Adjektiv,,verantwortlich,,odgovoran,
Substantiv,die,Verantwortung,<Verantwortung; -en>,odgovornost,
Verb,,verarbeiten ,,obraditi / preraditi,
Substantiv,der,Verband,<-(e)s; Verbände>,zavoj/savez/jedinica,
Verb,,verbeiten,,zabraniti,
Verb,,verbessern,,poboljšati,
Verb,,verbinden,ich verbinde / ich verband / ich habe verbunden,povezati/spojiti/zavezati/zaviti,
Substantiv,die,Verbindung,<Verbindung; -en>,spoj / veza / konekcija,
Verb,,verblassen,ich verblasse / ich verblasste / ich bin verblasst,izblijediti,
,,verboten,,zabranjeno,
Verb,,verbrennen,ich verbrenne / ich verbrannte / ich bin verbrannt,spaliti/zagorjeti,
Verb,,verbringen,,provesti,
Substantiv,der,Verbund,<-(e)s; Verbünde>,savez / mreža,
Substantiv,der,Verdacht,<-(e)s; -e>,sumnja,
Adjektiv,,verdammt,,proklet,
Substantiv,die,Verdauungsstörung,,probavne smetnje,
Verb,,verdienen,ich verdiene / ich verdiente / ich habe verdient,zaraditi/zaslužiti,
Verb,,verdoppeln ,,udvostručiti,
Verb,,verdrehen,ich verdrehe / ich verdrehte / ich habe verdreht,zavrnuti/zakrenuti,
Substantiv,der,Verein,<-(e)s; -e>,društvo/udruženje,
Verb,,vereinbaren,,zakazati / dogovoriti,
Substantiv,das,Vereinsmitglied,<-(e)s; -er>,član udruženja,
Adjektiv,,verfilzt,,zapetljan/slijepljen/zgrudan/sasušen u čvorove/filcan/zafilcan,
Substantiv,die,Verfügung,<Verfügung; -en>,naredba,
,,vergangen ,,prošli / prethodni,
Substantiv,die,Vergangenheit,<Vergangenheit>,prošlost,
Verb,,vergessen,ich vergesse / ich vergaß / ich habe vergessen,zaboraviti,
Substantiv,die,Vergiftung,<Vergiftung; -en>,trovanje,
Adjektiv,,vergilben,,požutio,
Adjektiv,,vergilbt,,požutio,
Substantiv,das,Vergnügen,<-s; Vergnügen>,zadovoljstvo,
Adjektiv,,verheiratet,,oženjen,
Verb,,verkaufen,ich verkaufe / ich verkaufte / ich habe verkauft,prodati,
Substantiv,der,Verkäufer,<-s; Verkäufer>,prodavač,
Substantiv,die,Verkäuferin,<Verkäuferin; -innen>,prodavačica,
Substantiv,das,Verkaufszentrum,<-s; -ren>,prodajni centar,
Substantiv,der,Verkehr,<-s; Verkehr>,promet,
Substantiv,der,Verkehrsunfall,<-(e)s; Verkehrsunfälle>,prometna nesreća,
Verb,,verklumpen,ich verklumpe / ich verklumpte / ich habe verklumpt,zgrudati se/zgrumenjati se,
Adjektiv,,verkrustet,,skoren/obložen korom,
Verb,,verlangen,ich verlange / ich verlangte / ich habe verlangt,zahtjevati,
Verb,,verlassen,ich verlasse / ich verließ / ich habe verlassen,ostaviti/napustiti,
Verb,,verlassen,,osloniti se na nekoga / ostaviti / napustiti,
Adjektiv,,verläßlich,,pouzdan,
Verb,,verlaufen,,izgubiti se,
Verb,,verletzen,,povrijediti,
Substantiv,die,Verletzung,<Verletzung; -en>,ozljeda,
Verb,,verlieren,ich verliere / ich verlor / ich habe verloren,gubiti/izgubiti,
Verb,,vermerken ,,ubilježiti / upisati / markirati,
Verb,,vermieten,,iznajmiti,
Adjektiv,,vernünftig,,razborit/razuman,
Substantiv,der,Verrat,<-(e)s; -e>,izdaja,
Substantiv,die,Verrechnung,<Verrechnung; -en>,obračun,
Verb,,verrosten,ich verroste / ich verrostete / ich bin verrostet,zahrđati,
Adjektiv,,verrückt,,lud,
Verb,,versagen,ich versage / ich versagte / ich habe versagt,otkazati/fizički posustati,
Adjektiv,,verschieden,,razni/različit/raznolik,
Verb,,verschlingen,ich verschlinge / ich verschlang / ich habe verschlungen,proždrijeti/obaviti,
Verb,,verschränken,ich verschränke / ich verschränkte / ich habe verschränkt,prekrižiti,
Verb,,verschwimmen,ich verschwimme / ich verschwamm / ich bin verschwommen,razlijevati (se)/zamutiti (se)/gubiti jasne konture,
Verb,,verschwinden,ich verschwinde / ich verschwand / ich bin verschwunden,izgubiti se/nestati/iščeznuti,
Substantiv,die,Versicherung,,osiguranje,
Verb,,versorgen,ich versorge / ich versorgte / ich habe versorgt,opskrbiti/zbrinuti,
Substantiv,die,Verspätung,<Verspätung; -en>,kašnjenje,
Substantiv,das,Versprechen,<-s; Versprechen>,obećanje,
Verb,,versprechen,ich verspreche / ich versprach / ich habe versprochen,obećati,
Substantiv,die,Verstärkung,<Verstärkung; -en>,pojačanje,
Verb,,verstehen,ich verstehe / iche verstand / ich habe verstanden,razumjeti,
Substantiv,der,Verstoß,<-es; Verstöße>,prekršaj,
Verb,,versuchen,ich versuche / ich versuchte / ich habe versucht,pokušati,
Verb,,vertäfeln,ich vertäfle / ich vertäfelte / ich habe vertäfelt,obložiti,
Verb,,verteidigen,ich verteidige / ich verteidigte / ich habe verteidigt,braniti,
Substantiv,der,Vertrag,<-(e)s; Verträge>,ugovor,
Verb,,vertreten ,,zamijeniti / zastupiti,
Substantiv,die,Verwaltung,<Verwaltung; -en>,uprava,
Substantiv,der,Verwandte,<-n; -n>,rođak,
Substantiv,die,Verwandte,<-n; -n>,rođaka,
Verb,,verwenden ,,upotrijebiti / uporabiti / koristiti,
Substantiv,die,Verwendung,<Verwendung; -en>,uporaba / korištenje,
Substantiv,die,Verzeihung,<Verzeihung>,isprika,
Adjektiv,,verzerrt,,iskrivljen,
,,viel,,puno,
,,vielfältig ,,različiti / razni / raznovrsni,
,,vielleicht,,možda,
Substantiv,das,Viertel,<-s; Viertel>,četvrtina,
Adjektiv,,violett,,ljubičasta,
Substantiv,das,Visum,-s -sa,viza,
Substantiv,das,Vitamin,<-s; -e>,vitamin,
Substantiv,der,Vogel,<-s; Vögel>,ptica,
Substantiv,die,Vokabel,<Vokabel; -n>,riječ (kao dio vokabulara),
Substantiv,die,Volkshochschule,<Volkshochschule; -n>,škola za odrasle/večernja škola,
Adjektiv,,voll,,pun,
Adverb,,völlig,,potpun,
Adjektiv,,vollständig,,potpun / čitav / cjelokupan,
Verb,,vollstrecken ,,izvršiti,
Substantiv,die,Vollzeitstelle,<Vollzeitstelle; -n>,pozicija sa punim radnim vremenom/full time,
Präposition,,von,Dativ,od,
Präposition,,vor,Dativ,ispred/prije,
,,vor allem,,prije svega,
Verb,,vorantreiben ,,krenuti naprijed,
Substantiv,die,Voraussetzung,<Voraussetzung; -en>,pretpostavka / ispunjavanje uvjeta /preduvjet,
Adjektiv,,voraussichtlich ,,predvidljivo / očekivano,
,,vorbei,,preko,
Verb,,vorbeigehen,ich gehe vorbei / ich ging vorbei / ich bin vorbeigegangen,mimoići/proći kraj nekoga,
Verb,,vorbeikommen,ich komme vorbei / ich kam vorbei / ich bin vorbeigekommen,navratiti/svratiti,
Verb,,vorbeiziehen,ich ziehe vorbei / ich zog vorbei / ich bin vorbeigezogen,prolaziti (pored čega)/ mimoilaziti/promicati/prolaziti u daljini,
Verb,,vorbereiten,ich bereite vor / ich bereitete vor / ich habe vorbereitet,pripremiti,
Substantiv,die,Vorbereitung,<Vorbereitung; -en>,priprema,
Substantiv,die,Vordienstzeit,<Vordienstzeit; -en>,prethodno vrijeme usluge / prethodno iskustvo,
,,vorgestern,,prekjučer,
,,vorgestern,,prekjučer,
Verb,,vorhaben,,namjeravati,
Substantiv,der,Vorhang,,zavjesa,
,,vorher,,prethodno / prije toga,
,,vorig,,prošli,
,,vorläufig ,,privremen / za sada,
Substantiv,die,Vorlesung,<Vorlesung; -en>,predavanje,
Substantiv,der,Vormittag,<-(e)s; -e>,prijepodne,
Substantiv,der,Vorname,<-ns; -n>,ime,
Substantiv,der,Vorschlag,<-(e)s; Vorschläge>,prijedlog,
Verb,,vorschlagen,,predložiti,
Adjektiv,,vorsichtig,,oprezan,
Substantiv,die,Vorspeise,<Vorspeise; -n>,predjelo,
Substantiv,die,Vorstadt,<Vorstadt; Vorstädte>,predgrađe,
Verb,,vorstellen,ich stelle vor / ich stellte vor / ich habe vorgestellt,predstaviti/sastaviti,
Substantiv,die,Vorstellung,<Vorstellung; -en>,predstava/predodžba,
Substantiv,das,Vorstellungsgespräch,<-(e)s; -e>,razgovor za posao,
Substantiv,der,Vortag,<-(e)s; -e>,prethodni dan,
Verb,,vorweisen ,,prikazati,
Substantiv,die,Vorwurf,<-(e)s; Vorwürfe>,prijekor,
Substantiv,das,Vorzimmer,<-s; Vorzimmer>,predsoblje,
Adjektiv,,wach,,budan,
Verb,,wachsen ,,rasti / porasti,
Verb,,wählen,ich wähle / ich wählte / ich habe gewählt,birati/izabrati/odabrati,
Substantiv,die,Walnuss,<Walnuss; Walnüsse>,orah,
Adjektiv,,wahr,,istitnit,
Präposition,,während,Genitiv,tijekom,
Substantiv,die,Wahrheit,<-; -en>,istina,
Adverb,,wahrscheinlich,,vjerojatno,
Substantiv,die,Währung,<Währung; -en>,valuta,
Substantiv,der,Wald,<-es; Wälder>,šuma,
Substantiv,der,Waldboden,<-s; Böden>,šumsko tlo,
Substantiv,der,Walfisch,<-(e)s; -e>,kit,
Substantiv,die,Wand,<Wand; Wände>,zid,
Substantiv,die,Wange,<Wange; -n>,obraz,
,,wann,,kada,
Adjektiv,,warm,,topao,
Substantiv,die,Warnung,<Warnung; -en>,opomena/upozorenje,
Substantiv,der,Wartebereich,<-(e)s; -e>,čekaona,
Verb,,warten,ich warte / ich wartete / ich habe gewartet,čekati,
Substantiv,das,Wartezimmer,<-s; Wartezimmer>,čekaonica,
Substantiv,die,Wartung,<Wartung; -en>,održavanje,
,,warum,,zašto,
,,was,,što,
,,was für eine,,kakav,
Substantiv,das,Waschbecken,<-s; Waschbecken>,umivaonik,
Substantiv,die,Wäsche,<Wäsche; -n>,rublje,
Verb,,waschen,,prati,
Substantiv,die,Waschmaschine,<Waschmaschine; -n>,perilica za rublje,
Substantiv,das,Wasser,"<-s; Wasser, Wässer>",voda,
Substantiv,der,Wasserball,<-(e)s>,vaterpolo,
Substantiv,der,Wasserfall,<-(e)s; Wasserfälle>,vodopad,
Substantiv,die,Wasserflasche,<Flasche; -n>,boca vode/boca s vodom,
Substantiv,der,Wasserhahn,<-(e)s; Wasserhähne>,pipa/slavina,
Substantiv,der,Wasserinstallateur,<-s; -e>,vodoinstalater,
Substantiv,die,Wassermelone,<Wassermelone; -n>,lubenica,
Substantiv,die,Wasserwaage,Wasserwaage -n,vaservaga,
Verb,,waten,ich wate / ich watete / ich bin gewatet,gaziti/pregaziti,
Substantiv,der,Wechsel,<-s; Wechsel>,promjena/mjenica/klimakterij,
Substantiv,das,Wechselgeld,<-(e)s; -er>,sitniš/kusur,
Verb,,wechseln,ich wechsle / ich wechselte / ich habe gewechselt,promijeniti,
Verb,,wecken,,probuditi,
,,weder ,,ni - ni,
Substantiv,der,Weg,<-(e)s; -e>,put,
,,weg sein,,biti odsutan (fraza),
Präposition,,wegen,Genitiv,zbog,
Substantiv,die,Weggabelung,<Gabelung; -en>,račvanje puteva,
Verb,,wehtun,,boljeti/imati bolove,
Adjektiv,,weich,,mek,
Verb,,weichen,ich weiche / ich wich / ich bin gewichen,uzmicati/ustupati/povlačiti se/ zamijeniti nešto drugo,
,,weil,,jer/zbog,
Substantiv,der,Wein,<-(e)s; -e>,vino,
Substantiv,der,Weinberg,<-(e)s; -e>,vinograd,
Verb,,weinen,ich weine / ich weinte / ich habe geweint,plakati,
Adjektiv,,weiß,,bijela,
Substantiv,der,Weißwein,<-(e)s; -e>,bijelo vino,
,,weit,,daleko,
Substantiv,die,Weiterbildung,<Weiterbildung; kein pl>,doškolovavanje / dodatna izobrazba,
Verb,,weiterentwickeln,ich entwickle mich weiter / ich entwickelte mich weiter / ich habe mich weiterentwickelt,daljnje razvijati,
Substantiv,die,Weiterentwickelung,<Weiterentwicklung; kein pl>,usavršavanje,
,,welche,,koji,
Substantiv,die,Welle,<Welle; -n>,val/vratilo,
Substantiv,die,Welt,<Welt; -en>,svijet,
Substantiv,die,Weltklasse,<Weltklasse>,svjetska klasa,
Substantiv,der,Weltraum,<-(e)s>,svemir,
Substantiv,das,Weltraumschiff,<-(e)s; -e>,svemirski brod,
,,weltweit ,,širom svijeta / worldwide,
,,wenig,,malo,
,,wenigstens,,makar,
,,wer,,tko,
Verb,,werden,ich werde / ich wurde / ich bin geworden,postati,
Verb,,werfen,ich werfe / ich warf / ich habe geworfen,baciti/bacati,
Substantiv,das,Werkzeug,<-(e)s; -e>,alat / oruđe,
Substantiv,der,Werkzeugbau,<Werkzeugbau(e)s; kein pl>,proizvodnja alata / alatnica,
Substantiv,der,Wert,<-(e)s; -e>,vrijednost / cijena,
Substantiv,die,Wertpapiere,,vrijednosni papiri,
,,wessen,,čiji,
Substantiv,die,Weste,<Weste; -n>,prsluk,
Substantiv,der,Westen,<-s>,zapad,
Substantiv,das,Wetter,<-s; Wetter>,vrijeme (klimatološki),
Adjektiv,,wichtig,,važno / bitno,
Verb,,wickeln,ich wickle / ich wickelte / ich habe gewickelt,omotati/previti,
,,wie,,kako,
,,wieder,,opet,
Verb,,wiederholen,ich wiederhole / ich wiederholte / ich habe wiederholt,ponoviti,
Verb,,wiegen,ich wiege / ich wog / ich habe gewogen,vagati,
Substantiv,die,Wiese,<Wiese; -n>,livada,
Substantiv,die,Wildnis,<Wildnis>,pustoš,
Substantiv,der,Wille,<-ns>,volja,
Substantiv,die,Wimper,<Wimper; -n>,trepavica,
Substantiv,der,Wind,<-(e)s; -e>,vjetar,
Adjektiv,,windig,,vjetrovit,
Substantiv,die,Windschutzscheibe,<-; -n>,vjetrobransko staklo,
Substantiv,der,Winter,<-s; Winter>,zima,
Verb,,wirbeln,ich wirble / ich wirbelte / ich habe gewirbelt,vrtložiti/vrtiti se,
Substantiv,die,Wirbelsäule,<Wirbelsäule; -n>,kralježnica,
Verb,,wirken,ich wirke / ich wirkte / ich habe gewirkt,djelovati/ostavljati dojam,
,,wirklich,,stvarno / zaista / prilično,
Substantiv,die,Wirtschaft,<Wirtschaft; -en>,privreda / gospodarstvo,
Substantiv,die,Wirtschaftsstruktur,<Wirtschaftsstruktur; -en>,struktura / sastav gospodarstva,
Substantiv,das,Wissen,<-s>,znanje,
Verb,,wissen,ich weiß / ich wusste / ich habe gewusst,znati,
Substantiv,die,Witwe,<Witwe(r); -n; -s; Witwe(r)>,udovica,
Substantiv,der,Witwer,<Witwe(r); -n; -s; Witwe(r)>,udovac,
Adjektiv,,witzig,,zabavan / duhovit,
,,wo,,gdje,
Substantiv,die,Woche,<Woche; -n>,tjedan,
Substantiv,das,Wochenende,<-s; -n>,vikend,
,,wofür,,za šta,
,,woher,,odakle,
,,wohin,,kuda,
,,wohl ,,dobro / ugodno / dakako / zbilja / zaista,
Verb,,wohlfühlen ,,osjećati se dobro,
Verb,,wohnen,ich wohne / ich wohnte / ich habe gewohnt,stanovati,
Substantiv,die,Wohngemeinschaft (WG),<Wohngemeinschaft; -en>,stambena zajednica,
Substantiv,der,Wohnsitz,<-es; -e>,boravište,
Substantiv,die,Wohnung,<Wohnung; -en>,stan,
Substantiv,der,Wolf,<-(e)s; Wölfe>,vuk,
Substantiv,die,Wolke,<Wolke; -n>,oblak,
Substantiv,die,Wolldecke,<-; -n>,vunena deka,
Substantiv,die,Wolle,<-; ->,vuna,
Verb,,wollen,ich will / ich wollte / ich habe gewollt,htjeti,
,,womit,,čime,
Substantiv,das,Wort,<-(e)s; Wörter>,riječ/slovo/govor,
Substantiv,der,Wortschatz,<-es>,riječnik,
Substantiv,,worüber,,o čemu,
Substantiv,die,Wunde,<Wunde; -n>,rana/ozljeda,
,das,Wunder,<-s; Wunder>,čudo,
,,wunderbar,,čudesan,
Verb,,wundern,,čuditi se,
Adjektiv,,wunderschön,,čudesno,
Substantiv,der,Wunsch,<-(e)s; Wünsche>,želja,
Verb,,wünschen,ich wünsche / ich wünschte / ich habe gewünscht,željeti,
Verb,,würdigen,ich würdige / ich würdigte / ich habe gewürdigt,nečemu / nekome pokloniti pažnju ili priznanje ili vrijednost / cijeniti,
Substantiv,die,Wurst,<Wurst; Würste>,kobasica,
Substantiv,die,Wurzel,<Wurzel; -n>,korijen,
Verb,,zählen,ich zähle / ich zählte / ich habe gezählt,brojati,
Substantiv,die,Zahlung,<Zahlung; -en>,plaćanje,
Substantiv,der,Zahn,<-(e)s; Zähne>,zub,
Substantiv,der,Zahnarzt,<-es; Zahnärzte>,stomatolog,
Substantiv,die,Zahnbürste,<Zahnbürste; -n>,četkica za zube,
Substantiv,die,Zahnpaste,<Zahnpaste; -n>,pasta za zube,
Substantiv,die,Zahnschmerzen,<pl.>,zubobolja,
Verb,,zanken,,svađati se,
Adjektiv,,zart,,nježan,
Substantiv,der,Zebrastreifen,<-s; Zebrastreifen>,pješački prijelaz,
Substantiv,das,Zeichen,<-s; Zeichen>,znak,
Verb,,zeigen,ich zeige / ich zeigte / ich habe gezeigt,pokazati,
Substantiv,die,Zeit,<Zeit; -en>,vrijeme,
Substantiv,die,Zeitarbeitsfirma,<Zeitarbeitsfirma; -men>,agencija za najam radnika,
,das,Zeitausgleichskonto,<-s; -ten>,račun za nadoknadu vremena,
,der,Zeitplan,<-(e)s; Zeitpläne>,vremenski raspored / plan,
,die,Zeitung,<Zeitung; -en>,novine,
,das,Zentrum,<-s; -ren>,centar,
Adjektiv,,zerfleddert,,dronjav/izlizan,
Adjektiv,,zerklüftet,,nazubljen/raspuknut/slomljen/izlomljen/ispresjecan/oštar/krševit/suprotno od gladak,
Verb,,zerknittern,ich zerknittere / ich zerknitterte / ich habe zerknittert,zgužvati,
Adjektiv,,zerknittert,,zgužvan,
Verb,,zerreißen,ich zerreiße / ich zerriss / ich habe zerrissen,razderati/prekinuti/poderati,
Substantiv,das,Zertifikat,<-(e)s; -e>,certifikat,
Substantiv,das,Zeugnis,<-ses; -se>,knjižica / svjedodžba,
Substantiv,die,Ziege,<Ziege; -n>,koza,
Verb,,ziehen,ich ziehe / ich zog / ich habe gezogen,vući,
Substantiv,das,Ziel,<Ziel(e)s; Ziele>,cilj,
,,ziemlich,,prilično/poprilično,
Substantiv,der,Zigarettenrauch,<-s; ->,dim cigareta,
Substantiv,das,Zimmer,<-s; Zimmer>,soba / prostorija,
Verb,,zischen,ich zische / ich zischte / ich habe gezischt,piskati/pištati/šištati,
Substantiv,die,Zitrone,<Zitrone; -n>,limun,
Verb,,zittern,ich zittere / ich zitterte / ich habe gezittert,drhtati,
Substantiv,die,Zivilisation,<Zivilisation; -en>,civilizacija,
Verb,,zögern,ich zögere / ich zögerte / ich habe gezögert,kolebati se/ oklijevati,
Substantiv,der,Zoll,<-(e)s; Zölle>,carina,
Substantiv,der,Zoo Garten,<-s; Gärten>,zoološki vrt,
Verb,,zörgen,,oklijevati,
Präposition,,zu,Dativ,k / prema,
,,zu Fuß,,pješke,
,,zu viert,,u četvero,
Verb,,zubekommen ,,zatvoriti / sklopiti / poklopiti,
Verb,,zucken,ich zucke / ich zuckte / ich habe gezuckt,trgnuti/ trgnuti se/ potegnuti,
Substantiv,der,Zucker,<-s; Zucker>,šećer,
Substantiv,der,Diabetes,<Diabetes>,dijabetes,
Adjektiv,,zuckersüß,,slatko kao šećer,
Adverb,,zuerst,,isprva/u početku,
,,zuerst,,prvo,
Substantiv,der,Zufall,<-(e)s; Zufälle>,slučaj,
,,zufällig,,slučajno,
Adjektiv,,zufrieden,,zadovoljan,
Substantiv,der,Zug,<-(e)s; Züge>,vlak,
,,zugleich,,u isto vrijeme,
Substantiv,die,Zukunft,<Zukunft>,budućnost,
,,zum ersten Mal,,prvi put,
Adverb,,zumindest,,barem,
Adverb,,zunächst,,isprva/u početku,
Adjektiv,,zunehmend,,rastući,
Verb,,zur Verfügung stehen ,,biti na raspolaganju,
Verb,,zur Verfügung stellen ,,staviti na raspolaganje / osigurati,
Verb,,zurückgeben,,vratiti,
Verb,,zurückgehen,ich gehe zurück / ich ging zurück / ich bin zurückgegangen,povući/opasti/vratiti,
Verb,,zurückkommen,,vratiti se,
Verb,,zurückweisen ,,odbiti / odbaciti,
,,zusammen,,zajedno/skupa,
Adjektiv,,zusammengekrümmt,,sklupčan/zgrčen,
Verb,,zusammenkneifen,ich kneife zusammen / ich kniff zusammen / ich habe zusammengekniffen,stisnuti/ stisnuti oči/zaškiljiti,
,,zusätzlich,,dodatno,
Substantiv,der,Zuschauerraum,,gledalište,
Verb,,zuschnüren,ich schnüre zu / ich schnürte zu / ich habe zugeschnürt,svezati/stegnuti,
Verb,,zusehen,ich sehe zu / ich sah zu / ich habe zugesehen,gledati kako se nešto događa,
,,zuständig ,,nadležan / odgovoran / kompetentan,
Verb,,zustimmen,,složiti se,
Adjektiv,,zuverlässig,,pouzdan,
,,zuviel,,previše,
Verb,,zuwerfen,ich werfe zu / ich warf zu / ich habe zugeworfen,dobaciti/zalupiti,
Verb,,zuziehen,ich ziehe zu / ich zog zu / ich habe zugezogen,navući/zategnuti/dozvati/doseliti,
,,zwar,,doduše,
Substantiv,das,Zweibettzimmer,<-s; Zweibettzimmer>,dvokrevetna soba,
Substantiv,der,Zweig,<-(e)s; -e>,grana/grančica,
Substantiv,die,Zwiebel,<Zwiebel; -n>,luk,
Präposition,,zwischen,Dativ,između,
Substantiv,der,Zyklus,<Zyklus; -klen>,ciklus,
,,,,,
,,,,,
Substantiv,die,Gegend,<Gegend; -en>,kraj/okolica,